{
  "accepted_suffix_mean": 2.0605745212323066,
  "accepted_suffix_mean_on_hit": null,
  "accepted_suffix_mean_on_miss": 2.0605745212323066,
  "batch_size": 1,
  "cache_committed_token_fraction": 0.0,
  "cache_hit_mean": 0.0,
  "draft_service_ms": 19.498003249649475,
  "fanout_template_name": "baseline48",
  "fraction_accepted": 0.1767624202053844,
  "k": 6,
  "mean_cycle_latency_ms": 24.969978854000075,
  "miss_rate": 1.0,
  "mode": "ar_async_exact_off_normal",
  "num_branches_generated_mean": 0,
  "num_prompts": 77,
  "post_verify_feedback_ms": 0.001279975170910135,
  "prompt_group_summary": {
    "accepted_suffix_mean": {
      "mean": 2.2805583559751956,
      "stderr": 0.08873121766824113
    },
    "cache_committed_token_fraction": {
      "mean": 0.0,
      "stderr": 0.0
    },
    "cache_hit_mean": {
      "mean": 0.0,
      "stderr": 0.0
    },
    "draft_service_ms": {
      "mean": 19.673193618229583,
      "stderr": 0.18958234036906033
    },
    "mean_cycle_latency_ms": {
      "mean": 25.188006770544263,
      "stderr": 0.2391204775818661
    },
    "post_verify_feedback_ms": {
      "mean": 0.0012802479155826414,
      "stderr": 8.513145742316258e-06
    },
    "target_verify_ms": {
      "mean": 5.472466381172213,
      "stderr": 0.0526130466975707
    },
    "throughput_tok_s": {
      "mean": 90.27586941787085,
      "stderr": 3.3201470862986926
    }
  },
  "target_verify_ms": 5.429640230728541,
  "throughput_tok_s": 81.13246663741526
}