{
  "accepted_length_support_rate": 0.9551020408163265,
  "accepted_suffix_mean": 2.7224489795918365,
  "accepted_suffix_mean_on_hit": 1.2352941176470589,
  "accepted_suffix_mean_on_miss": 2.7487019730010385,
  "batch_size": 1,
  "cache_committed_token_fraction": 0.007871064467766116,
  "cache_hit_mean": 0.017346938775510204,
  "cache_lookup_ms": 0.08682451538779602,
  "dflash_step_ms": 35.0550844212899,
  "fallback_rate": 0.9826530612244898,
  "fanout_template_name": "front8",
  "fraction_accepted": 0.11482993197278911,
  "hit_cycle_latency_ms": 77.09772365770357,
  "hit_only_accepted_suffix_mean": 1.2352941176470589,
  "joint_branch_recall": 0.017346938775510204,
  "mean_cycle_latency_ms": 85.44235296347844,
  "miss_cycle_latency_ms": 85.58966209971746,
  "miss_only_accepted_suffix_mean": 2.7487019730010385,
  "miss_rate": 0.9826530612244898,
  "mode": "dflash_ssd_predicted_on_normal",
  "num_branches_generated_mean": 8,
  "num_prompts": 77,
  "predictor_ms": 1.1941245754667538,
  "prompt_group_summary": {
    "accepted_length_support_rate": {
      "mean": 0.9083458749043165,
      "stderr": 0.016767361602723133
    },
    "accepted_suffix_mean": {
      "mean": 3.513577746062083,
      "stderr": 0.2451886000373407
    },
    "cache_committed_token_fraction": {
      "mean": 0.007870574441329537,
      "stderr": 0.002572450615292129
    },
    "cache_hit_mean": {
      "mean": 0.016431180253197515,
      "stderr": 0.005138452714359123
    },
    "dflash_ms": {
      "mean": 35.85415570257754,
      "stderr": 1.1913408424726828
    },
    "hit_only_accepted_suffix_mean": {
      "mean": 1.3333333333333333,
      "stderr": 0.33333333333333337
    },
    "joint_branch_recall": {
      "mean": 0.016431180253197515,
      "stderr": 0.005138452714359123
    },
    "mean_cycle_latency_ms": {
      "mean": 87.02598906739709,
      "stderr": 5.9214529201671935
    },
    "miss_only_accepted_suffix_mean": {
      "mean": 3.5502035438215693,
      "stderr": 0.24682105750975375
    },
    "miss_rate": {
      "mean": 0.9835688197468025,
      "stderr": 0.005138452714359121
    },
    "predictor_ms": {
      "mean": 1.2205540158650383,
      "stderr": 0.18435181337263332
    },
    "recovery_recall_given_supported_accept": {
      "mean": 0.01849325958800412,
      "stderr": 0.006040250984186977
    },
    "target_verify_ms": {
      "mean": 38.8749811568516,
      "stderr": 4.798577412760758
    },
    "throughput_tok_s": {
      "mean": 43.72082200407213,
      "stderr": 3.129462897329875
    }
  },
  "recovery_entropy_at_actual_accept_mean": 2.5772607509106558,
  "recovery_recall_given_supported_accept": 0.018162393162393164,
  "recovery_top1_margin_at_actual_accept_mean": 0.3981451692572814,
  "target_verify_ms": 38.57629379656698,
  "throughput_tok_s": 29.121250269239308,
  "transport_ms": 0.12633857977747612,
  "true_branch_rank_distribution": {
    "0": 15,
    "2": 1,
    "5": 1
  }
}