{
  "alpaca:1": {
    "accepted_suffix_mean": 2.4615384615384617,
    "cache_committed_token_fraction": 0.9375,
    "cache_hit_mean": 0.9230769230769231,
    "throughput_tok_s": 21.885342154429907
  },
  "alpaca:110": {
    "accepted_suffix_mean": 2.357142857142857,
    "cache_committed_token_fraction": 0.9393939393939394,
    "cache_hit_mean": 0.9285714285714286,
    "throughput_tok_s": 64.25172944263319
  },
  "alpaca:135": {
    "accepted_suffix_mean": 3.6666666666666665,
    "cache_committed_token_fraction": 0.9696969696969697,
    "cache_hit_mean": 0.8888888888888888,
    "throughput_tok_s": 104.3144171386144
  },
  "alpaca:155": {
    "accepted_suffix_mean": 2.0588235294117645,
    "cache_committed_token_fraction": 0.9142857142857143,
    "cache_hit_mean": 0.9411764705882353,
    "throughput_tok_s": 56.70927844166465
  },
  "alpaca:156": {
    "accepted_suffix_mean": 3.7,
    "cache_committed_token_fraction": 0.918918918918919,
    "cache_hit_mean": 0.9,
    "throughput_tok_s": 106.25815969752594
  },
  "alpaca:166": {
    "accepted_suffix_mean": 2.357142857142857,
    "cache_committed_token_fraction": 0.9393939393939394,
    "cache_hit_mean": 0.9285714285714286,
    "throughput_tok_s": 68.78994769322229
  },
  "alpaca:172": {
    "accepted_suffix_mean": 2.176470588235294,
    "cache_committed_token_fraction": 0.972972972972973,
    "cache_hit_mean": 0.9411764705882353,
    "throughput_tok_s": 60.679500398346015
  },
  "alpaca:182": {
    "accepted_suffix_mean": 2.125,
    "cache_committed_token_fraction": 0.9705882352941176,
    "cache_hit_mean": 0.9375,
    "throughput_tok_s": 58.90155896745453
  },
  "alpaca:184": {
    "accepted_suffix_mean": 2.6666666666666665,
    "cache_committed_token_fraction": 0.96875,
    "cache_hit_mean": 0.9166666666666666,
    "throughput_tok_s": 79.78503803067493
  },
  "alpaca:186": {
    "accepted_suffix_mean": 2.5,
    "cache_committed_token_fraction": 0.9714285714285714,
    "cache_hit_mean": 0.9285714285714286,
    "throughput_tok_s": 70.82420367767381
  },
  "alpaca:19": {
    "accepted_suffix_mean": 2.6666666666666665,
    "cache_committed_token_fraction": 0.9375,
    "cache_hit_mean": 0.9166666666666666,
    "throughput_tok_s": 71.25543290301064
  },
  "alpaca:191": {
    "accepted_suffix_mean": 2.6666666666666665,
    "cache_committed_token_fraction": 0.90625,
    "cache_hit_mean": 0.9166666666666666,
    "throughput_tok_s": 77.55630130918624
  },
  "alpaca:199": {
    "accepted_suffix_mean": 2.1333333333333333,
    "cache_committed_token_fraction": 0.9375,
    "cache_hit_mean": 0.9333333333333333,
    "throughput_tok_s": 62.221112207961234
  },
  "alpaca:33": {
    "accepted_suffix_mean": 4.714285714285714,
    "cache_committed_token_fraction": 0.9393939393939394,
    "cache_hit_mean": 0.8571428571428571,
    "throughput_tok_s": 127.10916708948525
  },
  "alpaca:47": {
    "accepted_suffix_mean": 2.6666666666666665,
    "cache_committed_token_fraction": 0.96875,
    "cache_hit_mean": 0.9166666666666666,
    "throughput_tok_s": 75.14976628725894
  },
  "alpaca:48": {
    "accepted_suffix_mean": 2,
    "cache_committed_token_fraction": 0.96875,
    "cache_hit_mean": 0.9375,
    "throughput_tok_s": 56.99897625965313
  },
  "alpaca:5": {
    "accepted_suffix_mean": 3,
    "cache_committed_token_fraction": 0.9444444444444444,
    "cache_hit_mean": 0.9166666666666666,
    "throughput_tok_s": 73.10087733365353
  },
  "alpaca:54": {
    "accepted_suffix_mean": 3.090909090909091,
    "cache_committed_token_fraction": 0.9705882352941176,
    "cache_hit_mean": 0.9090909090909091,
    "throughput_tok_s": 88.26994116586212
  },
  "alpaca:95": {
    "accepted_suffix_mean": 2,
    "cache_committed_token_fraction": 0.9375,
    "cache_hit_mean": 0.9375,
    "throughput_tok_s": 60.57348395479071
  },
  "gsm:105": {
    "accepted_suffix_mean": 2.8333333333333335,
    "cache_committed_token_fraction": 0.9705882352941176,
    "cache_hit_mean": 0.9166666666666666,
    "throughput_tok_s": 84.91546262256756
  },
  "gsm:106": {
    "accepted_suffix_mean": 4,
    "cache_committed_token_fraction": 0.9444444444444444,
    "cache_hit_mean": 0.8888888888888888,
    "throughput_tok_s": 124.68703898028521
  },
  "gsm:119": {
    "accepted_suffix_mean": 3.6,
    "cache_committed_token_fraction": 0.9722222222222222,
    "cache_hit_mean": 0.9,
    "throughput_tok_s": 102.36131168745796
  },
  "gsm:122": {
    "accepted_suffix_mean": 4.125,
    "cache_committed_token_fraction": 0.9696969696969697,
    "cache_hit_mean": 0.875,
    "throughput_tok_s": 122.78076497029812
  },
  "gsm:138": {
    "accepted_suffix_mean": 3.090909090909091,
    "cache_committed_token_fraction": 0.9705882352941176,
    "cache_hit_mean": 0.9090909090909091,
    "throughput_tok_s": 95.24803688472473
  },
  "gsm:142": {
    "accepted_suffix_mean": 2.75,
    "cache_committed_token_fraction": 0.9696969696969697,
    "cache_hit_mean": 0.9166666666666666,
    "throughput_tok_s": 84.13941748155646
  },
  "gsm:149": {
    "accepted_suffix_mean": 2.5714285714285716,
    "cache_committed_token_fraction": 0.9444444444444444,
    "cache_hit_mean": 0.9285714285714286,
    "throughput_tok_s": 75.92024004746608
  },
  "gsm:157": {
    "accepted_suffix_mean": 4,
    "cache_committed_token_fraction": 0.90625,
    "cache_hit_mean": 0.875,
    "throughput_tok_s": 121.5210476636349
  },
  "gsm:158": {
    "accepted_suffix_mean": 2.909090909090909,
    "cache_committed_token_fraction": 0.96875,
    "cache_hit_mean": 0.9090909090909091,
    "throughput_tok_s": 89.59096965377891
  },
  "gsm:178": {
    "accepted_suffix_mean": 3.3,
    "cache_committed_token_fraction": 0.9696969696969697,
    "cache_hit_mean": 0.9,
    "throughput_tok_s": 99.05416502876206
  },
  "gsm:187": {
    "accepted_suffix_mean": 3.7777777777777777,
    "cache_committed_token_fraction": 0.9411764705882353,
    "cache_hit_mean": 0.8888888888888888,
    "throughput_tok_s": 113.87477056745455
  },
  "gsm:196": {
    "accepted_suffix_mean": 3.5,
    "cache_committed_token_fraction": 0.9714285714285714,
    "cache_hit_mean": 0.9,
    "throughput_tok_s": 103.65985827739684
  },
  "gsm:198": {
    "accepted_suffix_mean": 3.2,
    "cache_committed_token_fraction": 0.96875,
    "cache_hit_mean": 0.9,
    "throughput_tok_s": 98.70165556117007
  },
  "gsm:24": {
    "accepted_suffix_mean": 1.8823529411764706,
    "cache_committed_token_fraction": 0.96875,
    "cache_hit_mean": 0.9411764705882353,
    "throughput_tok_s": 37.270140514668256
  },
  "gsm:3": {
    "accepted_suffix_mean": 3.5,
    "cache_committed_token_fraction": 0.9714285714285714,
    "cache_hit_mean": 0.9,
    "throughput_tok_s": 85.83802563794897
  },
  "gsm:33": {
    "accepted_suffix_mean": 3.5,
    "cache_committed_token_fraction": 0.9714285714285714,
    "cache_hit_mean": 0.9,
    "throughput_tok_s": 81.63140510295497
  },
  "gsm:39": {
    "accepted_suffix_mean": 3.090909090909091,
    "cache_committed_token_fraction": 0.9705882352941176,
    "cache_hit_mean": 0.9090909090909091,
    "throughput_tok_s": 71.13199313061864
  },
  "gsm:43": {
    "accepted_suffix_mean": 2.5384615384615383,
    "cache_committed_token_fraction": 0.9696969696969697,
    "cache_hit_mean": 0.9230769230769231,
    "throughput_tok_s": 59.948869621375735
  },
  "gsm:45": {
    "accepted_suffix_mean": 2.9166666666666665,
    "cache_committed_token_fraction": 0.9714285714285714,
    "cache_hit_mean": 0.9166666666666666,
    "throughput_tok_s": 77.35135778474587
  },
  "gsm:46": {
    "accepted_suffix_mean": 3.9,
    "cache_committed_token_fraction": 0.9743589743589743,
    "cache_hit_mean": 0.9,
    "throughput_tok_s": 115.88744304272663
  },
  "gsm:65": {
    "accepted_suffix_mean": 2.6153846153846154,
    "cache_committed_token_fraction": 0.9705882352941176,
    "cache_hit_mean": 0.9230769230769231,
    "throughput_tok_s": 78.55153134323724
  },
  "gsm:69": {
    "accepted_suffix_mean": 3.090909090909091,
    "cache_committed_token_fraction": 0.9411764705882353,