{
  "accepted_suffix_mean": 3.0823529411764707,
  "actual_frontier_rank_distribution": {
    "0": 850
  },
  "batch_size": 1,
  "cache_committed_token_fraction": 0.9416030534351145,
  "cache_hit_mean": 0.9094117647058824,
  "ddtree_step_ms": 4.986827070550883,
  "frontier_candidate_count_mean": 2.0,
  "frontier_count": 2,
  "hit_cycle_latency_ms": 34.4076618051607,
  "hit_only_accepted_suffix_mean": 3.1914618369987062,
  "mean_cycle_latency_ms": 35.93814909403377,
  "miss_cycle_latency_ms": 51.30265135765559,
  "miss_only_accepted_suffix_mean": 1.9870129870129871,
  "mode": "ddtree_ssd_exact_on_oracle",
  "num_prompts": 77,
  "prompt_group_summary": {
    "accepted_suffix_mean": {
      "mean": 3.514059381964271,
      "stderr": 0.16371243911103167
    },
    "cache_committed_token_fraction": {
      "mean": 0.9420731186432204,
      "stderr": 0.004328249697428293
    },
    "cache_hit_mean": {
      "mean": 0.8973159257345659,
      "stderr": 0.004570674857619118
    },
    "throughput_tok_s": {
      "mean": 101.08097344899485,
      "stderr": 4.877701530809168
    }
  },
  "target_verify_ms": 26.72639936373076,
  "throughput_tok_s": 78.40385673333424,
  "tree_budget": 8,
  "tree_build_ms": 1.825320295003407,
  "tree_compile_ms": 1.661369801389382,
  "tree_node_count_mean": 8.0,
  "verified_node_count_mean": null
}