{
  "accepted_suffix_mean": 4.025589764094362,
  "actual_frontier_rank_distribution": {
    "0": 2501
  },
  "batch_size": 32,
  "cache_committed_token_fraction": 0.9832141438220103,
  "cache_hit_mean": 0.9692123150739704,
  "ddtree_step_ms": 87.00612059225682,
  "frontier_candidate_count_mean": 1.0,
  "frontier_count": 1,
  "hit_cycle_latency_ms": 355.63182045276073,
  "hit_only_accepted_suffix_mean": 4.083745874587459,
  "mean_cycle_latency_ms": 373.9452618537326,
  "miss_cycle_latency_ms": 950.4619106323785,
  "miss_only_accepted_suffix_mean": 2.1948051948051948,
  "mode": "ddtree_ssd_exact_on_oracle",
  "num_prompts": 77,
  "prompt_group_summary": {
    "accepted_suffix_mean": {
      "mean": 4.723592381672051,
      "stderr": 0.2384776093850646
    },
    "cache_committed_token_fraction": {
      "mean": 0.9832108415103796,
      "stderr": 0.0013953312924115952
    },
    "cache_hit_mean": {
      "mean": 0.9639894298817351,
      "stderr": 0.0017872247428824277
    },
    "throughput_tok_s": {
      "mean": 12.272705261598368,
      "stderr": 0.5281798861970249
    }
  },
  "target_verify_ms": 143.27356749032913,
  "throughput_tok_s": 280.546121168189,
  "tree_budget": 16,
  "tree_build_ms": 59.415497207206435,
  "tree_compile_ms": 38.84129256908411,
  "tree_node_count_mean": 16.0,
  "verified_node_count_mean": null
}