{
  "accepted_length_support_rate": 0.4274028629856851,
  "accepted_suffix_mean": 2.7280163599182004,
  "accepted_suffix_mean_on_hit": 1.2666666666666666,
  "accepted_suffix_mean_on_miss": 2.750778816199377,
  "batch_size": 2,
  "cache_committed_token_fraction": 0.00712143928035982,
  "cache_hit_mean": 0.015337423312883436,
  "cache_lookup_ms": 0.020340279293206573,
  "dflash_step_ms": 15.915147702120137,
  "fallback_rate": 0.9846625766871165,
  "fanout_template_name": "front1",
  "fraction_accepted": 0.11520109066121335,
  "hit_cycle_latency_ms": 46.7858771327883,
  "hit_only_accepted_suffix_mean": 1.2666666666666666,
  "joint_branch_recall": 0.015337423312883436,
  "mean_cycle_latency_ms": 64.91754180418445,
  "miss_cycle_latency_ms": 65.19996648753954,
  "miss_only_accepted_suffix_mean": 2.750778816199377,
  "miss_rate": 0.9846625766871165,
  "mode": "dflash_ssd_predicted_on_normal",
  "num_branches_generated_mean": 1,
  "num_prompts": 77,
  "predictor_ms": 0.4089370242306669,
  "prompt_group_summary": {
    "accepted_length_support_rate": {
      "mean": 0.3513462809320085,
      "stderr": 0.02415453883506868
    },
    "accepted_suffix_mean": {
      "mean": 3.530134288934415,
      "stderr": 0.24741759159728094
    },
    "cache_committed_token_fraction": {
      "mean": 0.00714851657641453,
      "stderr": 0.002548701109704887
    },
    "cache_hit_mean": {
      "mean": 0.013583151089378877,
      "stderr": 0.004723175146975008
    },
    "dflash_ms": {
      "mean": 16.294710996277942,
      "stderr": 0.8784268082251474
    },
    "hit_only_accepted_suffix_mean": {
      "mean": 1.4,
      "stderr": 0.4
    },
    "joint_branch_recall": {
      "mean": 0.013583151089378877,
      "stderr": 0.004723175146975008
    },
    "mean_cycle_latency_ms": {
      "mean": 64.37840621532538,
      "stderr": 8.207492656426403
    },
    "miss_only_accepted_suffix_mean": {
      "mean": 3.5535224471404723,
      "stderr": 0.24722570869533775
    },
    "miss_rate": {
      "mean": 0.9864168489106211,
      "stderr": 0.004723175146975007
    },
    "predictor_ms": {
      "mean": 0.4052399632607861,
      "stderr": 0.008896025562999678
    },
    "recovery_recall_given_supported_accept": {
      "mean": 0.03267882910740054,
      "stderr": 0.011646321232070253
    },
    "target_verify_ms": {
      "mean": 41.43160802642132,
      "stderr": 6.740767679040414
    },
    "throughput_tok_s": {
      "mean": 66.41178645077352,
      "stderr": 4.861780580651255
    }
  },
  "recovery_entropy_at_actual_accept_mean": 2.573453920764137,
  "recovery_recall_given_supported_accept": 0.03588516746411483,
  "recovery_top1_margin_at_actual_accept_mean": 0.39862133848437076,
  "target_verify_ms": 41.72806869973267,
  "throughput_tok_s": 75.58776369420428,
  "transport_ms": 0.27776711595631326,
  "true_branch_rank_distribution": {
    "0": 15
  }
}