{
  "accepted_suffix_mean": 2.1230736301369864,
  "accepted_suffix_mean_on_hit": null,
  "accepted_suffix_mean_on_miss": 2.1230736301369864,
  "batch_size": 16,
  "cache_committed_token_fraction": 0.0,
  "cache_hit_mean": 0.0,
  "draft_service_ms": 39.417586573756424,
  "fanout_template_name": "baseline48",
  "fraction_accepted": 0.1403842037671233,
  "k": 8,
  "mean_cycle_latency_ms": 46.46002119999101,
  "miss_rate": 1.0,
  "mode": "ar_async_exact_off_normal",
  "num_branches_generated_mean": 0,
  "num_prompts": 77,
  "post_verify_feedback_ms": 0.0013279224158271076,
  "prompt_group_summary": {
    "accepted_suffix_mean": {
      "mean": 2.4073315059118636,
      "stderr": 0.10624411986391297
    },
    "cache_committed_token_fraction": {
      "mean": 0.0,
      "stderr": 0.0
    },
    "cache_hit_mean": {
      "mean": 0.0,
      "stderr": 0.0
    },
    "draft_service_ms": {
      "mean": 40.10348271076914,
      "stderr": 0.4556418255228576
    },
    "mean_cycle_latency_ms": {
      "mean": 47.228728161773795,
      "stderr": 0.4945196763734238
    },
    "post_verify_feedback_ms": {
      "mean": 0.0013461028441535136,
      "stderr": 1.0023655657238904e-05
    },
    "target_verify_ms": {
      "mean": 7.04688570846767,
      "stderr": 0.04316985993970156
    },
    "throughput_tok_s": {
      "mean": 50.294878779743385,
      "stderr": 1.8279008232476575
    }
  },
  "target_verify_ms": 6.9656256141881805,
  "throughput_tok_s": 555.2280153726545
}