{
  "accepted_suffix_mean": 3.0864928909952605,
  "accepted_suffix_mean_on_hit": null,
  "accepted_suffix_mean_on_miss": 3.0864928909952605,
  "batch_size": 4,
  "cache_committed_token_fraction": 0.0,
  "cache_hit_mean": 0.0,
  "draft_service_ms": 107.08020106691788,
  "fanout_template_name": "baseline48",
  "fraction_accepted": 0.26081161137440756,
  "k": 8,
  "mean_cycle_latency_ms": 113.33915491183443,
  "miss_rate": 1.0,
  "mode": "ar_async_exact_off_normal",
  "num_branches_generated_mean": 0,
  "num_prompts": 77,
  "post_verify_feedback_ms": 0.0017116037175341804,
  "prompt_group_summary": {
    "accepted_suffix_mean": {
      "mean": 3.6914813008265575,
      "stderr": 0.17284928036933347
    },
    "cache_committed_token_fraction": {
      "mean": 0.0,
      "stderr": 0.0
    },
    "cache_hit_mean": {
      "mean": 0.0,
      "stderr": 0.0
    },
    "draft_service_ms": {
      "mean": 108.16843027308445,
      "stderr": 2.475836554351945
    },
    "mean_cycle_latency_ms": {
      "mean": 114.47631859614553,
      "stderr": 2.6100066469263776
    },
    "post_verify_feedback_ms": {
      "mean": 0.001744969630337141,
      "stderr": 3.0007775810553345e-05
    },
    "target_verify_ms": {
      "mean": 6.245659765332268,
      "stderr": 0.17777693968304806
    },
    "throughput_tok_s": {
      "mean": 32.72762786172677,
      "stderr": 1.568968309054229
    }
  },
  "target_verify_ms": 6.197604628818295,
  "throughput_tok_s": 81.56662051793639
}