{
  "accepted_length_support_rate": 1.0,
  "accepted_suffix_mean": 3.255723960012899,
  "accepted_suffix_mean_on_hit": 3.2936507936507935,
  "accepted_suffix_mean_on_miss": 1.7662337662337662,
  "batch_size": 16,
  "cache_committed_token_fraction": 0.9865293185419969,
  "cache_hit_mean": 0.9751693002257337,
  "cache_lookup_ms": 37.227473174117,
  "dflash_step_ms": 115.04178672362495,
  "fallback_rate": 0.024830699774266364,
  "fanout_template_name": "baseline48",
  "fraction_accepted": 0.15038159733419326,
  "hit_cycle_latency_ms": 500.951009121968,
  "hit_only_accepted_suffix_mean": 3.2936507936507935,
  "joint_branch_recall": 0.1312479845211222,
  "mean_cycle_latency_ms": 528.9249917373189,
  "miss_cycle_latency_ms": 1627.5395817220115,
  "miss_only_accepted_suffix_mean": 1.7662337662337662,
  "miss_rate": 0.024830699774266364,
  "mode": "dflash_ssd_exact_on_oracle",
  "num_branches_generated_mean": 1,
  "num_prompts": 77,
  "predictor_ms": 0.0,
  "prompt_group_summary": {
    "accepted_length_support_rate": {
      "mean": 1.0,
      "stderr": 0.0
    },
    "accepted_suffix_mean": {
      "mean": 4.035659893448992,
      "stderr": 0.24105508736740167
    },
    "cache_committed_token_fraction": {
      "mean": 0.9866188977434937,
      "stderr": 0.001377220481991458
    },
    "cache_hit_mean": {
      "mean": 0.9693839004709055,
      "stderr": 0.0017813740051144205
    },
    "dflash_ms": {
      "mean": 126.82958159168227,
      "stderr": 1.6779783479067913
    },
    "hit_only_accepted_suffix_mean": {
      "mean": 4.134067213548805,
      "stderr": 0.25543066131052483
    },
    "joint_branch_recall": {
      "mean": 0.15385715267671252,
      "stderr": 0.01009736042132735
    },
    "mean_cycle_latency_ms": {
      "mean": 536.2181416360424,
      "stderr": 8.83309574765659
    },
    "miss_only_accepted_suffix_mean": {
      "mean": 1.7662337662337662,
      "stderr": 0.18569492607342156
    },
    "miss_rate": {
      "mean": 0.030616099529094543,
      "stderr": 0.0017813740051144202
    },
    "predictor_ms": {
      "mean": 0.0,
      "stderr": 0.0
    },
    "recovery_recall_given_supported_accept": {
      "mean": 0.15385715267671252,
      "stderr": 0.01009736042132735
    },
    "target_verify_ms": {
      "mean": 62.26270578261849,
      "stderr": 6.497180789286745
    },
    "throughput_tok_s": {
      "mean": 7.537429645552169,
      "stderr": 0.431461736950947
    }
  },
  "recovery_entropy_at_actual_accept_mean": 2.143534862940364,
  "recovery_recall_given_supported_accept": 0.1312479845211222,
  "recovery_top1_margin_at_actual_accept_mean": 0.45670436637975237,
  "target_verify_ms": 58.33057678889893,
  "throughput_tok_s": 90.53558833369604,
  "transport_ms": 0.8477102483087242,
  "true_branch_rank_distribution": {
    "0": 3024
  }
}