{
  "alpaca:1": {
    "accepted_suffix_mean": 4.533333333333333,
    "cache_committed_token_fraction": 0.9852941176470589,
    "cache_hit_mean": 0.9666666666666667,
    "throughput_tok_s": 26.83793800279193
  },
  "alpaca:110": {
    "accepted_suffix_mean": 2.63265306122449,
    "cache_committed_token_fraction": 0.9844961240310077,
    "cache_hit_mean": 0.9795918367346939,
    "throughput_tok_s": 21.107246504219525
  },
  "alpaca:135": {
    "accepted_suffix_mean": 3.909090909090909,
    "cache_committed_token_fraction": 0.9922480620155039,
    "cache_hit_mean": 0.9696969696969697,
    "throughput_tok_s": 32.29485016431594
  },
  "alpaca:155": {
    "accepted_suffix_mean": 2.723404255319149,
    "cache_committed_token_fraction": 0.9765625,
    "cache_hit_mean": 0.9787234042553191,
    "throughput_tok_s": 22.80085064300799
  },
  "alpaca:156": {
    "accepted_suffix_mean": 4.4,
    "cache_committed_token_fraction": 0.9696969696969697,
    "cache_hit_mean": 0.9666666666666667,
    "throughput_tok_s": 36.6339387852806
  },
  "alpaca:166": {
    "accepted_suffix_mean": 2.6122448979591835,
    "cache_committed_token_fraction": 0.984375,
    "cache_hit_mean": 0.9795918367346939,
    "throughput_tok_s": 22.150809990889176
  },
  "alpaca:172": {
    "accepted_suffix_mean": 3.5135135135135136,
    "cache_committed_token_fraction": 0.9923076923076923,
    "cache_hit_mean": 0.972972972972973,
    "throughput_tok_s": 29.641329344971243
  },
  "alpaca:182": {
    "accepted_suffix_mean": 2.723404255319149,
    "cache_committed_token_fraction": 0.9921875,
    "cache_hit_mean": 0.9787234042553191,
    "throughput_tok_s": 23.34849197094121
  },
  "alpaca:184": {
    "accepted_suffix_mean": 3.4210526315789473,
    "cache_committed_token_fraction": 0.9923076923076923,
    "cache_hit_mean": 0.9736842105263158,
    "throughput_tok_s": 29.393910797052012
  },
  "alpaca:186": {
    "accepted_suffix_mean": 3.3947368421052633,
    "cache_committed_token_fraction": 0.9922480620155039,
    "cache_hit_mean": 0.9736842105263158,
    "throughput_tok_s": 29.03603498659152
  },
  "alpaca:19": {
    "accepted_suffix_mean": 4.387096774193548,
    "cache_committed_token_fraction": 0.9779411764705882,
    "cache_hit_mean": 0.967741935483871,
    "throughput_tok_s": 26.137922849789966
  },
  "alpaca:191": {
    "accepted_suffix_mean": 2.8444444444444446,
    "cache_committed_token_fraction": 0.9765625,
    "cache_hit_mean": 0.9777777777777777,
    "throughput_tok_s": 24.051275595367724
  },
  "alpaca:199": {
    "accepted_suffix_mean": 2.58,
    "cache_committed_token_fraction": 0.9767441860465116,
    "cache_hit_mean": 0.98,
    "throughput_tok_s": 21.739506568210658
  },
  "alpaca:33": {
    "accepted_suffix_mean": 11,
    "cache_committed_token_fraction": 0.9848484848484849,
    "cache_hit_mean": 0.9166666666666666,
    "throughput_tok_s": 48.984337696827666
  },
  "alpaca:47": {
    "accepted_suffix_mean": 3.282051282051282,
    "cache_committed_token_fraction": 0.9921875,
    "cache_hit_mean": 0.9743589743589743,
    "throughput_tok_s": 20.710182812601357
  },
  "alpaca:48": {
    "accepted_suffix_mean": 2.851063829787234,
    "cache_committed_token_fraction": 0.9925373134328358,
    "cache_hit_mean": 0.9787234042553191,
    "throughput_tok_s": 18.702195639688156
  },
  "alpaca:5": {
    "accepted_suffix_mean": 3.657142857142857,
    "cache_committed_token_fraction": 0.984375,
    "cache_hit_mean": 0.9714285714285714,
    "throughput_tok_s": 22.44530603673917
  },
  "alpaca:54": {
    "accepted_suffix_mean": 4.7407407407407405,
    "cache_committed_token_fraction": 0.9921875,
    "cache_hit_mean": 0.9629629629629629,
    "throughput_tok_s": 27.294372581299626
  },
  "alpaca:95": {
    "accepted_suffix_mean": 2.62,
    "cache_committed_token_fraction": 0.9847328244274809,
    "cache_hit_mean": 0.98,
    "throughput_tok_s": 17.41513889279794
  },
  "gsm:105": {
    "accepted_suffix_mean": 4.413793103448276,
    "cache_committed_token_fraction": 0.9921875,
    "cache_hit_mean": 0.9655172413793104,
    "throughput_tok_s": 37.18785457843982
  },
  "gsm:106": {
    "accepted_suffix_mean": 4.888888888888889,
    "cache_committed_token_fraction": 0.9848484848484849,
    "cache_hit_mean": 0.9629629629629629,
    "throughput_tok_s": 41.497649754358726
  },
  "gsm:119": {
    "accepted_suffix_mean": 4.387096774193548,
    "cache_committed_token_fraction": 0.9926470588235294,
    "cache_hit_mean": 0.967741935483871,
    "throughput_tok_s": 37.584238014730246
  },
  "gsm:122": {
    "accepted_suffix_mean": 6.090909090909091,
    "cache_committed_token_fraction": 0.9925373134328358,
    "cache_hit_mean": 0.9545454545454546,
    "throughput_tok_s": 51.93324542979809
  },
  "gsm:138": {
    "accepted_suffix_mean": 4.0625,
    "cache_committed_token_fraction": 0.9923076923076923,
    "cache_hit_mean": 0.96875,
    "throughput_tok_s": 33.50995800462456
  },
  "gsm:142": {
    "accepted_suffix_mean": 4.129032258064516,
    "cache_committed_token_fraction": 0.9921875,
    "cache_hit_mean": 0.967741935483871,
    "throughput_tok_s": 34.2309678552828
  },
  "gsm:149": {
    "accepted_suffix_mean": 3.25,
    "cache_committed_token_fraction": 0.9846153846153847,
    "cache_hit_mean": 0.975,
    "throughput_tok_s": 26.605505983195933
  },
  "gsm:157": {
    "accepted_suffix_mean": 4.814814814814815,
    "cache_committed_token_fraction": 0.9692307692307692,
    "cache_hit_mean": 0.9629629629629629,
    "throughput_tok_s": 40.21781769141998
  },
  "gsm:158": {
    "accepted_suffix_mean": 4,
    "cache_committed_token_fraction": 0.9921875,
    "cache_hit_mean": 0.96875,
    "throughput_tok_s": 32.64036427216486
  },
  "gsm:178": {
    "accepted_suffix_mean": 5.6,
    "cache_committed_token_fraction": 0.9928571428571429,
    "cache_hit_mean": 0.96,
    "throughput_tok_s": 45.89495323030859
  },
  "gsm:187": {
    "accepted_suffix_mean": 4.620689655172414,
    "cache_committed_token_fraction": 0.9850746268656716,
    "cache_hit_mean": 0.9655172413793104,
    "throughput_tok_s": 37.36070741641238
  },
  "gsm:196": {
    "accepted_suffix_mean": 4.333333333333333,
    "cache_committed_token_fraction": 0.9923076923076923,
    "cache_hit_mean": 0.9666666666666667,
    "throughput_tok_s": 34.72220604312228
  },
  "gsm:198": {
    "accepted_suffix_mean": 4.7407407407407405,
    "cache_committed_token_fraction": 0.9921875,
    "cache_hit_mean": 0.9629629629629629,
    "throughput_tok_s": 37.35807777358252
  },
  "gsm:24": {
    "accepted_suffix_mean": 3,
    "cache_committed_token_fraction": 0.9922480620155039,
    "cache_hit_mean": 0.9767441860465116,
    "throughput_tok_s": 24.98475498775107
  },
  "gsm:3": {
    "accepted_suffix_mean": 5.076923076923077,
    "cache_committed_token_fraction": 0.9924242424242424,
    "cache_hit_mean": 0.9615384615384616,
    "throughput_tok_s": 43.15792388405781
  },
  "gsm:33": {
    "accepted_suffix_mean": 5.863636363636363,
    "cache_committed_token_fraction": 0.9922480620155039,
    "cache_hit_mean": 0.9545454545454546,
    "throughput_tok_s": 48.73393850717719
  },
  "gsm:39": {
    "accepted_suffix_mean": 5.269230769230769,
    "cache_committed_token_fraction": 0.9927007299270073,
    "cache_hit_mean": 0.9615384615384616,
    "throughput_tok_s": 43.18708629093147
  },
  "gsm:43": {
    "accepted_suffix_mean": 4.03125,
    "cache_committed_token_fraction": 0.9922480620155039,
    "cache_hit_mean": 0.96875,
    "throughput_tok_s": 32.95031462183383
  },
  "gsm:45": {
    "accepted_suffix_mean": 5.035714285714286,
    "cache_committed_token_fraction": 0.9929078014184397,
    "cache_hit_mean": 0.9642857142857143,
    "throughput_tok_s": 41.04492043630007
  },
  "gsm:46": {
    "accepted_suffix_mean": 3.3947368421052633,
    "cache_committed_token_fraction": 0.9922480620155039,
    "cache_hit_mean": 0.9736842105263158,
    "throughput_tok_s": 28.218347386571203
  },
  "gsm:65": {
    "accepted_suffix_mean": 3.764705882352941,
    "cache_committed_token_fraction": 0.984375,