{
  "alpaca:1": {
    "accepted_suffix_mean": 2.909090909090909,
    "cache_committed_token_fraction": 0.9375,
    "cache_hit_mean": 0.9090909090909091,
    "throughput_tok_s": 0.5332224152057333
  },
  "alpaca:110": {
    "accepted_suffix_mean": 2.5384615384615383,
    "cache_committed_token_fraction": 0.9393939393939394,
    "cache_hit_mean": 0.9230769230769231,
    "throughput_tok_s": 0.4686149627481521
  },
  "alpaca:135": {
    "accepted_suffix_mean": 3.6666666666666665,
    "cache_committed_token_fraction": 0.9696969696969697,
    "cache_hit_mean": 0.8888888888888888,
    "throughput_tok_s": 0.6713631565006597
  },
  "alpaca:155": {
    "accepted_suffix_mean": 2.4,
    "cache_committed_token_fraction": 0.9166666666666666,
    "cache_hit_mean": 0.9333333333333333,
    "throughput_tok_s": 0.4342235578802057
  },
  "alpaca:156": {
    "accepted_suffix_mean": 3.7,
    "cache_committed_token_fraction": 0.8918918918918919,
    "cache_hit_mean": 0.9,
    "throughput_tok_s": 0.6752974031980067
  },
  "alpaca:166": {
    "accepted_suffix_mean": 2.357142857142857,
    "cache_committed_token_fraction": 0.9393939393939394,
    "cache_hit_mean": 0.9285714285714286,
    "throughput_tok_s": 0.4289797021259979
  },
  "alpaca:172": {
    "accepted_suffix_mean": 2.3125,
    "cache_committed_token_fraction": 0.972972972972973,
    "cache_hit_mean": 0.9375,
    "throughput_tok_s": 0.4173665405734451
  },
  "alpaca:182": {
    "accepted_suffix_mean": 2.5,
    "cache_committed_token_fraction": 0.9714285714285714,
    "cache_hit_mean": 0.9285714285714286,
    "throughput_tok_s": 0.45497847195181595
  },
  "alpaca:184": {
    "accepted_suffix_mean": 2.6666666666666665,
    "cache_committed_token_fraction": 0.96875,
    "cache_hit_mean": 0.9166666666666666,
    "throughput_tok_s": 0.4919588810266613
  },
  "alpaca:186": {
    "accepted_suffix_mean": 2.642857142857143,
    "cache_committed_token_fraction": 0.972972972972973,
    "cache_hit_mean": 0.9285714285714286,
    "throughput_tok_s": 0.45998886028909586
  },
  "alpaca:19": {
    "accepted_suffix_mean": 2.909090909090909,
    "cache_committed_token_fraction": 0.90625,
    "cache_hit_mean": 0.9090909090909091,
    "throughput_tok_s": 0.5332224152057333
  },
  "alpaca:191": {
    "accepted_suffix_mean": 2.909090909090909,
    "cache_committed_token_fraction": 0.90625,
    "cache_hit_mean": 0.9090909090909091,
    "throughput_tok_s": 0.49865768716157755
  },
  "alpaca:199": {
    "accepted_suffix_mean": 2.2857142857142856,
    "cache_committed_token_fraction": 0.90625,
    "cache_hit_mean": 0.9285714285714286,
    "throughput_tok_s": 0.38295883588889984
  },
  "alpaca:33": {
    "accepted_suffix_mean": 6.166666666666667,
    "cache_committed_token_fraction": 0.9459459459459459,
    "cache_hit_mean": 0.8333333333333334,
    "throughput_tok_s": 1.1249868589655336
  },
  "alpaca:47": {
    "accepted_suffix_mean": 2.75,
    "cache_committed_token_fraction": 0.9696969696969697,
    "cache_hit_mean": 0.9166666666666666,
    "throughput_tok_s": 0.5073325960587445
  },
  "alpaca:48": {
    "accepted_suffix_mean": 2.2857142857142856,
    "cache_committed_token_fraction": 0.96875,
    "cache_hit_mean": 0.9285714285714286,
    "throughput_tok_s": 0.41598031721308887
  },
  "alpaca:5": {
    "accepted_suffix_mean": 3.5,
    "cache_committed_token_fraction": 0.9428571428571428,
    "cache_hit_mean": 0.9,
    "throughput_tok_s": 0.6387948408629792
  },
  "alpaca:54": {
    "accepted_suffix_mean": 3.3636363636363638,
    "cache_committed_token_fraction": 0.972972972972973,
    "cache_hit_mean": 0.9090909090909091,
    "throughput_tok_s": 0.6165384175816291
  },
  "alpaca:95": {
    "accepted_suffix_mean": 2.3333333333333335,
    "cache_committed_token_fraction": 0.9428571428571428,
    "cache_hit_mean": 0.9333333333333333,
    "throughput_tok_s": 0.42216179238353335
  },
  "gsm:105": {
    "accepted_suffix_mean": 2.8333333333333335,
    "cache_committed_token_fraction": 0.9705882352941176,
    "cache_hit_mean": 0.9166666666666666,
    "throughput_tok_s": 0.4513828858393654
  },
  "gsm:106": {
    "accepted_suffix_mean": 4,
    "cache_committed_token_fraction": 0.9444444444444444,
    "cache_hit_mean": 0.8888888888888888,
    "throughput_tok_s": 0.6493041981264669
  },
  "gsm:119": {
    "accepted_suffix_mean": 3.6,
    "cache_committed_token_fraction": 0.9722222222222222,
    "cache_hit_mean": 0.9,
    "throughput_tok_s": 0.5780540212003878
  },
  "gsm:122": {
    "accepted_suffix_mean": 4.25,
    "cache_committed_token_fraction": 0.9705882352941176,
    "cache_hit_mean": 0.875,
    "throughput_tok_s": 0.6722948657880674
  },
  "gsm:138": {
    "accepted_suffix_mean": 4.125,
    "cache_committed_token_fraction": 0.9696969696969697,
    "cache_hit_mean": 0.875,
    "throughput_tok_s": 0.6407471896606936
  },
  "gsm:142": {
    "accepted_suffix_mean": 3.1818181818181817,
    "cache_committed_token_fraction": 0.9714285714285714,
    "cache_hit_mean": 0.9090909090909091,
    "throughput_tok_s": 0.456485752578788
  },
  "gsm:149": {
    "accepted_suffix_mean": 2.5714285714285716,
    "cache_committed_token_fraction": 0.9444444444444444,
    "cache_hit_mean": 0.9285714285714286,
    "throughput_tok_s": 0.35589359850561697
  },
  "gsm:157": {
    "accepted_suffix_mean": 4.375,
    "cache_committed_token_fraction": 0.8857142857142857,
    "cache_hit_mean": 0.875,
    "throughput_tok_s": 0.6527896942844362
  },
  "gsm:158": {
    "accepted_suffix_mean": 3,
    "cache_committed_token_fraction": 0.9696969696969697,
    "cache_hit_mean": 0.9090909090909091,
    "throughput_tok_s": 0.4114541183121088
  },
  "gsm:178": {
    "accepted_suffix_mean": 3.4,
    "cache_committed_token_fraction": 0.9705882352941176,
    "cache_hit_mean": 0.9,
    "throughput_tok_s": 0.4709802250102187
  },
  "gsm:187": {
    "accepted_suffix_mean": 3.7777777777777777,
    "cache_committed_token_fraction": 0.9411764705882353,
    "cache_hit_mean": 0.8888888888888888,
    "throughput_tok_s": 0.5015186561952092
  },
  "gsm:196": {
    "accepted_suffix_mean": 3.7,
    "cache_committed_token_fraction": 0.972972972972973,
    "cache_hit_mean": 0.9,
    "throughput_tok_s": 0.4860154752559255
  },
  "gsm:198": {
    "accepted_suffix_mean": 3.2,
    "cache_committed_token_fraction": 0.96875,
    "cache_hit_mean": 0.9,
    "throughput_tok_s": 0.42033770832944906
  },
  "gsm:24": {
    "accepted_suffix_mean": 2.1333333333333333,
    "cache_committed_token_fraction": 0.96875,
    "cache_hit_mean": 0.9333333333333333,
    "throughput_tok_s": 0.35197120402495
  },
  "gsm:3": {
    "accepted_suffix_mean": 4,
    "cache_committed_token_fraction": 0.9722222222222222,
    "cache_hit_mean": 0.8888888888888888,
    "throughput_tok_s": 0.6931389876428172
  },
  "gsm:33": {
    "accepted_suffix_mean": 3.888888888888889,
    "cache_committed_token_fraction": 0.9714285714285714,
    "cache_hit_mean": 0.8888888888888888,
    "throughput_tok_s": 0.6564938541488554
  },
  "gsm:39": {
    "accepted_suffix_mean": 4.571428571428571,
    "cache_committed_token_fraction": 0.96875,
    "cache_hit_mean": 0.8571428571428571,
    "throughput_tok_s": 0.7931888621650572
  },
  "gsm:43": {
    "accepted_suffix_mean": 2.5384615384615383,
    "cache_committed_token_fraction": 0.9696969696969697,
    "cache_hit_mean": 0.9230769230769231,
    "throughput_tok_s": 0.4142776353408486
  },
  "gsm:45": {
    "accepted_suffix_mean": 3.2,
    "cache_committed_token_fraction": 0.96875,
    "cache_hit_mean": 0.9,
    "throughput_tok_s": 0.5254928299944336
  },
  "gsm:46": {
    "accepted_suffix_mean": 4.444444444444445,
    "cache_committed_token_fraction": 0.975,
    "cache_hit_mean": 0.8888888888888888,
    "throughput_tok_s": 0.7204478959713482
  },
  "gsm:65": {
    "accepted_suffix_mean": 3.090909090909091,
    "cache_committed_token_fraction": 0.9411764705882353,
    "cache_hit_mean": 0.9090909090909091,
    "throughput_tok_s": 0.5016517935024777
  },
  "gsm:69": {
    "accepted_suffix_mean": 3.4,