{
  "accepted_suffix_mean": 3.4506493506493507,
  "actual_frontier_rank_distribution": {
    "0": 770
  },
  "batch_size": 16,
  "cache_committed_token_fraction": 0.9363944298080542,
  "cache_hit_mean": 0.9,
  "ddtree_step_ms": 77.12105528399762,
  "frontier_candidate_count_mean": 2.0,
  "frontier_count": 2,
  "hit_cycle_latency_ms": 5873.410939007479,
  "hit_only_accepted_suffix_mean": 3.59018759018759,
  "mean_cycle_latency_ms": 5941.416154100632,
  "miss_cycle_latency_ms": 6553.463089939013,
  "miss_only_accepted_suffix_mean": 2.1948051948051948,
  "mode": "ddtree_ssd_exact_on_oracle",
  "num_prompts": 77,
  "prompt_group_summary": {
    "accepted_suffix_mean": {
      "mean": 4.138398009129483,
      "stderr": 0.24066418102297643
    },
    "cache_committed_token_fraction": {
      "mean": 0.9369291180704291,
      "stderr": 0.004973872618501258
    },
    "cache_hit_mean": {
      "mean": 0.8813830236481115,
      "stderr": 0.006429556927895025
    },
    "throughput_tok_s": {
      "mean": 0.6412589319976985,
      "stderr": 0.026863981251539305
    }
  },
  "target_verify_ms": 4517.670587226921,
  "throughput_tok_s": 8.273954694187383,
  "tree_budget": 16,
  "tree_build_ms": 42.88503935957259,
  "tree_compile_ms": 3903.0537174419605,
  "tree_node_count_mean": 16.0,
  "verified_node_count_mean": null
}