{
  "accepted_suffix_mean": 2.5336633663366337,
  "accepted_suffix_mean_on_hit": 2.523043944265809,
  "accepted_suffix_mean_on_miss": 2.6623376623376624,
  "batch_size": 1,
  "cache_committed_token_fraction": 0.9198905822586948,
  "cache_hit_mean": 0.9237623762376238,
  "draft_service_ms": 44.60604248619131,
  "fanout_template_name": "baseline48",
  "fraction_accepted": 0.3834158415841584,
  "k": 4,
  "mean_cycle_latency_ms": 102.1476983099641,
  "miss_rate": 0.0762376237623762,
  "mode": "ar_async_exact_on_oracle",
  "num_branches_generated_mean": 1,
  "num_prompts": 77,
  "post_verify_feedback_ms": 0.2332156111421709,
  "prompt_group_summary": {
    "accepted_suffix_mean": {
      "mean": 2.7510677043979235,
      "stderr": 0.08574084714059085
    },
    "cache_committed_token_fraction": {
      "mean": 0.9197355388436367,
      "stderr": 0.005292137611590091
    },
    "cache_hit_mean": {
      "mean": 0.9175110448551707,
      "stderr": 0.0024374973203259245
    },
    "draft_service_ms": {
      "mean": 44.960778092696174,
      "stderr": 0.6020426885197993
    },
    "mean_cycle_latency_ms": {
      "mean": 102.51235270416814,
      "stderr": 0.6601104723524469
    },
    "post_verify_feedback_ms": {
      "mean": 0.23344207449531684,
      "stderr": 0.0008328745187262466
    },
    "target_verify_ms": {
      "mean": 5.260998494815661,
      "stderr": 0.03547647354015546
    },
    "throughput_tok_s": {
      "mean": 26.826728431213063,
      "stderr": 0.8234491753691554
    }
  },
  "target_verify_ms": 5.259649624752969,
  "throughput_tok_s": 23.388663332046107
}