{
  "alpaca:1": {
    "accepted_suffix_mean": 2.909090909090909,
    "cache_committed_token_fraction": 0.9375,
    "cache_hit_mean": 0.9090909090909091,
    "throughput_tok_s": 11.811057785591462
  },
  "alpaca:110": {
    "accepted_suffix_mean": 2.5384615384615383,
    "cache_committed_token_fraction": 0.9393939393939394,
    "cache_hit_mean": 0.9230769230769231,
    "throughput_tok_s": 19.186860168894437
  },
  "alpaca:135": {
    "accepted_suffix_mean": 3.6666666666666665,
    "cache_committed_token_fraction": 0.9696969696969697,
    "cache_hit_mean": 0.8888888888888888,
    "throughput_tok_s": 27.79033533453715
  },
  "alpaca:155": {
    "accepted_suffix_mean": 2.4,
    "cache_committed_token_fraction": 0.9166666666666666,
    "cache_hit_mean": 0.9333333333333333,
    "throughput_tok_s": 18.47847950168704
  },
  "alpaca:156": {
    "accepted_suffix_mean": 3.7,
    "cache_committed_token_fraction": 0.8918918918918919,
    "cache_hit_mean": 0.9,
    "throughput_tok_s": 28.163302428167544
  },
  "alpaca:166": {
    "accepted_suffix_mean": 2.357142857142857,
    "cache_committed_token_fraction": 0.9393939393939394,
    "cache_hit_mean": 0.9285714285714286,
    "throughput_tok_s": 18.20547939619035
  },
  "alpaca:172": {
    "accepted_suffix_mean": 2.3125,
    "cache_committed_token_fraction": 0.972972972972973,
    "cache_hit_mean": 0.9375,
    "throughput_tok_s": 17.708235060010356
  },
  "alpaca:182": {
    "accepted_suffix_mean": 2.5,
    "cache_committed_token_fraction": 0.9714285714285714,
    "cache_hit_mean": 0.9285714285714286,
    "throughput_tok_s": 19.162029059791884
  },
  "alpaca:184": {
    "accepted_suffix_mean": 2.6666666666666665,
    "cache_committed_token_fraction": 0.96875,
    "cache_hit_mean": 0.9166666666666666,
    "throughput_tok_s": 20.776534653853492
  },
  "alpaca:186": {
    "accepted_suffix_mean": 2.642857142857143,
    "cache_committed_token_fraction": 0.972972972972973,
    "cache_hit_mean": 0.9285714285714286,
    "throughput_tok_s": 19.411428537521633
  },
  "alpaca:19": {
    "accepted_suffix_mean": 2.909090909090909,
    "cache_committed_token_fraction": 0.90625,
    "cache_hit_mean": 0.9090909090909091,
    "throughput_tok_s": 11.811057785591462
  },
  "alpaca:191": {
    "accepted_suffix_mean": 2.909090909090909,
    "cache_committed_token_fraction": 0.90625,
    "cache_hit_mean": 0.9090909090909091,
    "throughput_tok_s": 21.53527643795264
  },
  "alpaca:199": {
    "accepted_suffix_mean": 2.2857142857142856,
    "cache_committed_token_fraction": 0.90625,
    "cache_hit_mean": 0.9285714285714286,
    "throughput_tok_s": 16.519992006921782
  },
  "alpaca:33": {
    "accepted_suffix_mean": 6.166666666666667,
    "cache_committed_token_fraction": 0.9459459459459459,
    "cache_hit_mean": 0.8333333333333334,
    "throughput_tok_s": 18.168991733898846
  },
  "alpaca:47": {
    "accepted_suffix_mean": 2.75,
    "cache_committed_token_fraction": 0.9696969696969697,
    "cache_hit_mean": 0.9166666666666666,
    "throughput_tok_s": 11.526906372271583
  },
  "alpaca:48": {
    "accepted_suffix_mean": 2.2857142857142856,
    "cache_committed_token_fraction": 0.96875,
    "cache_hit_mean": 0.9285714285714286,
    "throughput_tok_s": 10.237505441067196
  },
  "alpaca:5": {
    "accepted_suffix_mean": 3.5,
    "cache_committed_token_fraction": 0.9428571428571428,
    "cache_hit_mean": 0.9,
    "throughput_tok_s": 13.624505932431125
  },
  "alpaca:54": {
    "accepted_suffix_mean": 3.3636363636363638,
    "cache_committed_token_fraction": 0.972972972972973,
    "cache_hit_mean": 0.9090909090909091,
    "throughput_tok_s": 13.65653556459013
  },
  "alpaca:95": {
    "accepted_suffix_mean": 2.3333333333333335,
    "cache_committed_token_fraction": 0.9428571428571428,
    "cache_hit_mean": 0.9333333333333333,
    "throughput_tok_s": 10.718171955476384
  },
  "gsm:105": {
    "accepted_suffix_mean": 2.8333333333333335,
    "cache_committed_token_fraction": 0.9705882352941176,
    "cache_hit_mean": 0.9166666666666666,
    "throughput_tok_s": 19.703043426299416
  },
  "gsm:106": {
    "accepted_suffix_mean": 4,
    "cache_committed_token_fraction": 0.9444444444444444,
    "cache_hit_mean": 0.8888888888888888,
    "throughput_tok_s": 27.16228472637811
  },
  "gsm:119": {
    "accepted_suffix_mean": 3.6,
    "cache_committed_token_fraction": 0.9722222222222222,
    "cache_hit_mean": 0.9,
    "throughput_tok_s": 24.563802630928066
  },
  "gsm:122": {
    "accepted_suffix_mean": 4.25,
    "cache_committed_token_fraction": 0.9705882352941176,
    "cache_hit_mean": 0.875,
    "throughput_tok_s": 28.549317082466754
  },
  "gsm:138": {
    "accepted_suffix_mean": 4.125,
    "cache_committed_token_fraction": 0.9696969696969697,
    "cache_hit_mean": 0.875,
    "throughput_tok_s": 27.568017997556836
  },
  "gsm:142": {
    "accepted_suffix_mean": 3.1818181818181817,
    "cache_committed_token_fraction": 0.9714285714285714,
    "cache_hit_mean": 0.9090909090909091,
    "throughput_tok_s": 24.027631923498035
  },
  "gsm:149": {
    "accepted_suffix_mean": 2.5714285714285716,
    "cache_committed_token_fraction": 0.9444444444444444,
    "cache_hit_mean": 0.9285714285714286,
    "throughput_tok_s": 18.91430262696129
  },
  "gsm:157": {
    "accepted_suffix_mean": 4.375,
    "cache_committed_token_fraction": 0.8857142857142857,
    "cache_hit_mean": 0.875,
    "throughput_tok_s": 33.16499366827961
  },
  "gsm:158": {
    "accepted_suffix_mean": 3,
    "cache_committed_token_fraction": 0.9696969696969697,
    "cache_hit_mean": 0.9090909090909091,
    "throughput_tok_s": 21.901258089790034
  },
  "gsm:178": {
    "accepted_suffix_mean": 3.4,
    "cache_committed_token_fraction": 0.9705882352941176,
    "cache_hit_mean": 0.9,
    "throughput_tok_s": 24.746307930266426
  },
  "gsm:187": {
    "accepted_suffix_mean": 3.7777777777777777,
    "cache_committed_token_fraction": 0.9411764705882353,
    "cache_hit_mean": 0.8888888888888888,
    "throughput_tok_s": 27.797403765802752
  },
  "gsm:196": {
    "accepted_suffix_mean": 3.7,
    "cache_committed_token_fraction": 0.972972972972973,
    "cache_hit_mean": 0.9,
    "throughput_tok_s": 26.39697647169432
  },
  "gsm:198": {
    "accepted_suffix_mean": 3.2,
    "cache_committed_token_fraction": 0.96875,
    "cache_hit_mean": 0.9,
    "throughput_tok_s": 22.480743972780612
  },
  "gsm:24": {
    "accepted_suffix_mean": 2.1333333333333333,
    "cache_committed_token_fraction": 0.96875,
    "cache_hit_mean": 0.9333333333333333,
    "throughput_tok_s": 15.090448754334655
  },
  "gsm:3": {
    "accepted_suffix_mean": 4,
    "cache_committed_token_fraction": 0.9722222222222222,
    "cache_hit_mean": 0.8888888888888888,
    "throughput_tok_s": 27.918750750034363
  },
  "gsm:33": {
    "accepted_suffix_mean": 3.888888888888889,
    "cache_committed_token_fraction": 0.9714285714285714,
    "cache_hit_mean": 0.8888888888888888,
    "throughput_tok_s": 26.82233793416856
  },
  "gsm:39": {
    "accepted_suffix_mean": 4.571428571428571,
    "cache_committed_token_fraction": 0.96875,
    "cache_hit_mean": 0.8571428571428571,
    "throughput_tok_s": 31.75080535529563
  },
  "gsm:43": {
    "accepted_suffix_mean": 2.5384615384615383,
    "cache_committed_token_fraction": 0.9696969696969697,
    "cache_hit_mean": 0.9230769230769231,
    "throughput_tok_s": 18.074328395011282
  },
  "gsm:45": {
    "accepted_suffix_mean": 3.2,
    "cache_committed_token_fraction": 0.96875,
    "cache_hit_mean": 0.9,
    "throughput_tok_s": 22.835267368020325
  },
  "gsm:46": {
    "accepted_suffix_mean": 4.444444444444445,
    "cache_committed_token_fraction": 0.975,
    "cache_hit_mean": 0.8888888888888888,
    "throughput_tok_s": 31.90506001028597
  },
  "gsm:65": {
    "accepted_suffix_mean": 3.090909090909091,
    "cache_committed_token_fraction": 0.9411764705882353,
    "cache_hit_mean": 0.9090909090909091,
    "throughput_tok_s": 20.88190143582016
  },
  "gsm:69": {
    "accepted_suffix_mean": 3.4,