{
  "alpaca:1": {
    "accepted_suffix_mean": 2.4615384615384617,
    "cache_committed_token_fraction": 0.9375,
    "cache_hit_mean": 0.9230769230769231,
    "throughput_tok_s": 18.986451587978905
  },
  "alpaca:110": {
    "accepted_suffix_mean": 2.357142857142857,
    "cache_committed_token_fraction": 0.9393939393939394,
    "cache_hit_mean": 0.9285714285714286,
    "throughput_tok_s": 55.176665693670685
  },
  "alpaca:135": {
    "accepted_suffix_mean": 3.6666666666666665,
    "cache_committed_token_fraction": 0.9696969696969697,
    "cache_hit_mean": 0.8888888888888888,
    "throughput_tok_s": 77.92920946440425
  },
  "alpaca:155": {
    "accepted_suffix_mean": 2.0588235294117645,
    "cache_committed_token_fraction": 0.9142857142857143,
    "cache_hit_mean": 0.9411764705882353,
    "throughput_tok_s": 44.81266227880015
  },
  "alpaca:156": {
    "accepted_suffix_mean": 3.7,
    "cache_committed_token_fraction": 0.918918918918919,
    "cache_hit_mean": 0.9,
    "throughput_tok_s": 81.2850995690308
  },
  "alpaca:166": {
    "accepted_suffix_mean": 2.357142857142857,
    "cache_committed_token_fraction": 0.9393939393939394,
    "cache_hit_mean": 0.9285714285714286,
    "throughput_tok_s": 56.7452956390438
  },
  "alpaca:172": {
    "accepted_suffix_mean": 2.176470588235294,
    "cache_committed_token_fraction": 0.972972972972973,
    "cache_hit_mean": 0.9411764705882353,
    "throughput_tok_s": 53.049201984757694
  },
  "alpaca:182": {
    "accepted_suffix_mean": 2.125,
    "cache_committed_token_fraction": 0.9705882352941176,
    "cache_hit_mean": 0.9375,
    "throughput_tok_s": 50.53496882247088
  },
  "alpaca:184": {
    "accepted_suffix_mean": 2.6666666666666665,
    "cache_committed_token_fraction": 0.96875,
    "cache_hit_mean": 0.9166666666666666,
    "throughput_tok_s": 62.92961621987458
  },
  "alpaca:186": {
    "accepted_suffix_mean": 2.5,
    "cache_committed_token_fraction": 0.9714285714285714,
    "cache_hit_mean": 0.9285714285714286,
    "throughput_tok_s": 57.47663068430513
  },
  "alpaca:19": {
    "accepted_suffix_mean": 2.6666666666666665,
    "cache_committed_token_fraction": 0.9375,
    "cache_hit_mean": 0.9166666666666666,
    "throughput_tok_s": 52.98845512298596
  },
  "alpaca:191": {
    "accepted_suffix_mean": 2.6666666666666665,
    "cache_committed_token_fraction": 0.90625,
    "cache_hit_mean": 0.9166666666666666,
    "throughput_tok_s": 61.294244431840305
  },
  "alpaca:199": {
    "accepted_suffix_mean": 2.1333333333333333,
    "cache_committed_token_fraction": 0.9375,
    "cache_hit_mean": 0.9333333333333333,
    "throughput_tok_s": 46.645928505923166
  },
  "alpaca:33": {
    "accepted_suffix_mean": 4.714285714285714,
    "cache_committed_token_fraction": 0.9393939393939394,
    "cache_hit_mean": 0.8571428571428571,
    "throughput_tok_s": 95.02196751714723
  },
  "alpaca:47": {
    "accepted_suffix_mean": 2.6666666666666665,
    "cache_committed_token_fraction": 0.96875,
    "cache_hit_mean": 0.9166666666666666,
    "throughput_tok_s": 57.555187414984715
  },
  "alpaca:48": {
    "accepted_suffix_mean": 2,
    "cache_committed_token_fraction": 0.96875,
    "cache_hit_mean": 0.9375,
    "throughput_tok_s": 43.65945955636255
  },
  "alpaca:5": {
    "accepted_suffix_mean": 3,
    "cache_committed_token_fraction": 0.9444444444444444,
    "cache_hit_mean": 0.9166666666666666,
    "throughput_tok_s": 22.038898722383895
  },
  "alpaca:54": {
    "accepted_suffix_mean": 3.090909090909091,
    "cache_committed_token_fraction": 0.9705882352941176,
    "cache_hit_mean": 0.9090909090909091,
    "throughput_tok_s": 64.97590252617398
  },
  "alpaca:95": {
    "accepted_suffix_mean": 2,
    "cache_committed_token_fraction": 0.9375,
    "cache_hit_mean": 0.9375,
    "throughput_tok_s": 46.34527220802454
  },
  "gsm:105": {
    "accepted_suffix_mean": 2.8333333333333335,
    "cache_committed_token_fraction": 0.9705882352941176,
    "cache_hit_mean": 0.9166666666666666,
    "throughput_tok_s": 66.35227522934503
  },
  "gsm:106": {
    "accepted_suffix_mean": 4,
    "cache_committed_token_fraction": 0.9444444444444444,
    "cache_hit_mean": 0.8888888888888888,
    "throughput_tok_s": 94.6824350254723
  },
  "gsm:119": {
    "accepted_suffix_mean": 3.6,
    "cache_committed_token_fraction": 0.9722222222222222,
    "cache_hit_mean": 0.9,
    "throughput_tok_s": 85.34025191836089
  },
  "gsm:122": {
    "accepted_suffix_mean": 4.125,
    "cache_committed_token_fraction": 0.9696969696969697,
    "cache_hit_mean": 0.875,
    "throughput_tok_s": 95.24477489274561
  },
  "gsm:138": {
    "accepted_suffix_mean": 3.090909090909091,
    "cache_committed_token_fraction": 0.9705882352941176,
    "cache_hit_mean": 0.9090909090909091,
    "throughput_tok_s": 72.74943580646769
  },
  "gsm:142": {
    "accepted_suffix_mean": 2.75,
    "cache_committed_token_fraction": 0.9696969696969697,
    "cache_hit_mean": 0.9166666666666666,
    "throughput_tok_s": 66.26088660163947
  },
  "gsm:149": {
    "accepted_suffix_mean": 2.5714285714285716,
    "cache_committed_token_fraction": 0.9444444444444444,
    "cache_hit_mean": 0.9285714285714286,
    "throughput_tok_s": 60.24718759704593
  },
  "gsm:157": {
    "accepted_suffix_mean": 4,
    "cache_committed_token_fraction": 0.90625,
    "cache_hit_mean": 0.875,
    "throughput_tok_s": 92.90867161422044
  },
  "gsm:158": {
    "accepted_suffix_mean": 2.909090909090909,
    "cache_committed_token_fraction": 0.96875,
    "cache_hit_mean": 0.9090909090909091,
    "throughput_tok_s": 66.60780848441323
  },
  "gsm:178": {
    "accepted_suffix_mean": 3.3,
    "cache_committed_token_fraction": 0.9696969696969697,
    "cache_hit_mean": 0.9,
    "throughput_tok_s": 76.24023609718827
  },
  "gsm:187": {
    "accepted_suffix_mean": 3.7777777777777777,
    "cache_committed_token_fraction": 0.9411764705882353,
    "cache_hit_mean": 0.8888888888888888,
    "throughput_tok_s": 87.54248457436083
  },
  "gsm:196": {
    "accepted_suffix_mean": 3.5,
    "cache_committed_token_fraction": 0.9714285714285714,
    "cache_hit_mean": 0.9,
    "throughput_tok_s": 80.6327184118561
  },
  "gsm:198": {
    "accepted_suffix_mean": 3.2,
    "cache_committed_token_fraction": 0.96875,
    "cache_hit_mean": 0.9,
    "throughput_tok_s": 70.60460601942508
  },
  "gsm:24": {
    "accepted_suffix_mean": 1.8823529411764706,
    "cache_committed_token_fraction": 0.96875,
    "cache_hit_mean": 0.9411764705882353,
    "throughput_tok_s": 37.7908116274503
  },
  "gsm:3": {
    "accepted_suffix_mean": 3.5,
    "cache_committed_token_fraction": 0.9714285714285714,
    "cache_hit_mean": 0.9,
    "throughput_tok_s": 74.5997531533062
  },
  "gsm:33": {
    "accepted_suffix_mean": 3.5,
    "cache_committed_token_fraction": 0.9714285714285714,
    "cache_hit_mean": 0.9,
    "throughput_tok_s": 69.85232225138647
  },
  "gsm:39": {
    "accepted_suffix_mean": 3.090909090909091,
    "cache_committed_token_fraction": 0.9705882352941176,
    "cache_hit_mean": 0.9090909090909091,
    "throughput_tok_s": 65.59139413514865
  },
  "gsm:43": {
    "accepted_suffix_mean": 2.5384615384615383,
    "cache_committed_token_fraction": 0.9696969696969697,
    "cache_hit_mean": 0.9230769230769231,
    "throughput_tok_s": 56.80259484420736
  },
  "gsm:45": {
    "accepted_suffix_mean": 2.9166666666666665,
    "cache_committed_token_fraction": 0.9714285714285714,
    "cache_hit_mean": 0.9166666666666666,
    "throughput_tok_s": 63.954941342640204
  },
  "gsm:46": {
    "accepted_suffix_mean": 3.9,
    "cache_committed_token_fraction": 0.9743589743589743,
    "cache_hit_mean": 0.9,
    "throughput_tok_s": 87.73375820264116
  },
  "gsm:65": {
    "accepted_suffix_mean": 2.6153846153846154,
    "cache_committed_token_fraction": 0.9705882352941176,
    "cache_hit_mean": 0.9230769230769231,
    "throughput_tok_s": 61.31150517853667
  },
  "gsm:69": {
    "accepted_suffix_mean": 3.090909090909091,
    "cache_committed_token_fraction": 0.9411764705882353,