{
  "accepted_suffix_mean": 2.047796399751707,
  "accepted_suffix_mean_on_hit": null,
  "accepted_suffix_mean_on_miss": 2.047796399751707,
  "batch_size": 16,
  "cache_committed_token_fraction": 0.0,
  "cache_hit_mean": 0.0,
  "draft_service_ms": 22.472632251400096,
  "fanout_template_name": "baseline48",
  "fraction_accepted": 0.17463273329195117,
  "k": 6,
  "mean_cycle_latency_ms": 29.442059679092527,
  "miss_rate": 1.0,
  "mode": "ar_async_exact_off_normal",
  "num_branches_generated_mean": 0,
  "num_prompts": 77,
  "post_verify_feedback_ms": 0.001210353841911481,
  "prompt_group_summary": {
    "accepted_suffix_mean": {
      "mean": 2.2791454881793833,
      "stderr": 0.0928638589444353
    },
    "cache_committed_token_fraction": {
      "mean": 0.0,
      "stderr": 0.0
    },
    "cache_hit_mean": {
      "mean": 0.0,
      "stderr": 0.0
    },
    "draft_service_ms": {
      "mean": 22.867601727747385,
      "stderr": 0.25360222615831707
    },
    "mean_cycle_latency_ms": {
      "mean": 29.90738992896373,
      "stderr": 0.29496904207603347
    },
    "post_verify_feedback_ms": {
      "mean": 0.0012164953042682598,
      "stderr": 6.206045481532085e-06
    },
    "target_verify_ms": {
      "mean": 6.969113203652774,
      "stderr": 0.04280952740390628
    },
    "throughput_tok_s": {
      "mean": 75.24456113165638,
      "stderr": 2.483229293454607
    }
  },
  "target_verify_ms": 6.8992028241125745,
  "throughput_tok_s": 774.2053504056478
}