{
  "accepted_suffix_mean": 3.6103336921420883,
  "actual_frontier_rank_distribution": {
    "0": 2787
  },
  "batch_size": 4,
  "cache_committed_token_fraction": 0.9847942754919499,
  "cache_hit_mean": 0.9723717258701112,
  "ddtree_step_ms": 16.407264556455836,
  "frontier_candidate_count_mean": 1.0,
  "frontier_count": 1,
  "hit_cycle_latency_ms": 60.842920465367364,
  "hit_only_accepted_suffix_mean": 3.656457564575646,
  "mean_cycle_latency_ms": 62.388780908184586,
  "miss_cycle_latency_ms": 116.79503805149201,
  "miss_only_accepted_suffix_mean": 1.9870129870129871,
  "mode": "ddtree_ssd_exact_on_oracle",
  "num_prompts": 77,
  "prompt_group_summary": {
    "accepted_suffix_mean": {
      "mean": 4.0148094761910835,
      "stderr": 0.15415409709624953
    },
    "cache_committed_token_fraction": {
      "mean": 0.9847906329992686,
      "stderr": 0.0011885840431578036
    },
    "cache_hit_mean": {
      "mean": 0.9693050200110626,
      "stderr": 0.001171948388879437
    },
    "throughput_tok_s": {
      "mean": 64.31603731500421,
      "stderr": 2.460016536492862
    }
  },
  "target_verify_ms": 35.71921182283609,
  "throughput_tok_s": 218.98598051938325,
  "tree_budget": 8,
  "tree_build_ms": 6.283406471687086,
  "tree_compile_ms": 3.8924318564312763,
  "tree_node_count_mean": 8.0,
  "verified_node_count_mean": null
}