{
  "accepted_suffix_mean": 4.033972821742606,
  "actual_frontier_rank_distribution": {
    "0": 2502
  },
  "batch_size": 16,
  "cache_committed_token_fraction": 0.9832557217873774,
  "cache_hit_mean": 0.969224620303757,
  "ddtree_step_ms": 69.10391933588164,
  "frontier_candidate_count_mean": 2.0,
  "frontier_count": 2,
  "hit_cycle_latency_ms": 1063.249899839176,
  "hit_only_accepted_suffix_mean": 4.092371134020619,
  "mean_cycle_latency_ms": 1076.230379072562,
  "miss_cycle_latency_ms": 1485.0311860980394,
  "miss_only_accepted_suffix_mean": 2.1948051948051948,
  "mode": "ddtree_ssd_exact_on_oracle",
  "num_prompts": 77,
  "prompt_group_summary": {
    "accepted_suffix_mean": {
      "mean": 4.72471623569654,
      "stderr": 0.23705123017050886
    },
    "cache_committed_token_fraction": {
      "mean": 0.9833096963949001,
      "stderr": 0.0013620806838370095
    },
    "cache_hit_mean": {
      "mean": 0.9640797961418657,
      "stderr": 0.0017704919301590428
    },
    "throughput_tok_s": {
      "mean": 3.988371777684914,
      "stderr": 0.12402418066869464
    }
  },
  "target_verify_ms": 428.16173143323846,
  "throughput_tok_s": 56.41193536112373,
  "tree_budget": 16,
  "tree_build_ms": 398.3774880310939,
  "tree_compile_ms": 303.01894188146997,
  "tree_node_count_mean": 16.0,
  "verified_node_count_mean": null
}