{
  "accepted_length_support_rate": 1.0,
  "accepted_suffix_mean": 1.747289972899729,
  "accepted_suffix_mean_on_hit": 1.7462473195139385,
  "accepted_suffix_mean_on_miss": 1.7662337662337662,
  "batch_size": 2,
  "cache_committed_token_fraction": 0.9472663823187282,
  "cache_hit_mean": 0.9478319783197832,
  "cache_lookup_ms": 0.0438957506990146,
  "dflash_step_ms": 7.928505199867607,
  "fallback_rate": 0.0521680216802168,
  "fanout_template_name": "baseline48",
  "fraction_accepted": 0.0498193315266486,
  "hit_cycle_latency_ms": 41.19441417023257,
  "hit_only_accepted_suffix_mean": 1.7462473195139385,
  "joint_branch_recall": 0.08672086720867209,
  "mean_cycle_latency_ms": 48.00259985779299,
  "miss_cycle_latency_ms": 171.69937618113087,
  "miss_only_accepted_suffix_mean": 1.7662337662337662,
  "miss_rate": 0.0521680216802168,
  "mode": "dflash_ssd_predicted_on_oracle",
  "num_branches_generated_mean": 1,
  "num_prompts": 77,
  "predictor_ms": 0.2034714382966893,
  "prompt_group_summary": {
    "accepted_length_support_rate": {
      "mean": 1.0,
      "stderr": 0.0
    },
    "accepted_suffix_mean": {
      "mean": 2.0303768747897095,
      "stderr": 0.11404895443883091
    },
    "cache_committed_token_fraction": {
      "mean": 0.9478489613520941,
      "stderr": 0.005433836644397646
    },
    "cache_hit_mean": {
      "mean": 0.9401538970756643,
      "stderr": 0.0030512582453341842
    },
    "dflash_ms": {
      "mean": 8.155416034280167,
      "stderr": 0.5594942477868515
    },
    "hit_only_accepted_suffix_mean": {
      "mean": 2.047494688991521,
      "stderr": 0.11709288118043922
    },
    "joint_branch_recall": {
      "mean": 0.09677634070121721,
      "stderr": 0.009791840350949215
    },
    "mean_cycle_latency_ms": {
      "mean": 48.43610101953836,
      "stderr": 4.93746185893117
    },
    "miss_only_accepted_suffix_mean": {
      "mean": 1.7662337662337662,
      "stderr": 0.18569492607342156
    },
    "miss_rate": {
      "mean": 0.05984610292433563,
      "stderr": 0.0030512582453341834
    },
    "predictor_ms": {
      "mean": 0.20550559406627408,
      "stderr": 0.005282191316605038
    },
    "recovery_recall_given_supported_accept": {
      "mean": 0.09677634070121721,
      "stderr": 0.009791840350949215
    },
    "target_verify_ms": {
      "mean": 36.26546545859176,
      "stderr": 4.20565148678529
    },
    "throughput_tok_s": {
      "mean": 47.60979811844466,
      "stderr": 2.6986255446445604
    }
  },
  "recovery_entropy_at_actual_accept_mean": 3.6699990347874234,
  "recovery_recall_given_supported_accept": 0.08672086720867209,
  "recovery_top1_margin_at_actual_accept_mean": 0.2583487570692147,
  "target_verify_ms": 35.94845879647956,
  "throughput_tok_s": 67.22337245531057,
  "transport_ms": 0.8053375847529125,
  "true_branch_rank_distribution": {
    "0": 1399
  }
}