{
  "alpaca:1": {
    "accepted_suffix_mean": 2.4615384615384617,
    "cache_committed_token_fraction": 0.0,
    "cache_hit_mean": 0.0,
    "throughput_tok_s": 0.3529188537209107
  },
  "alpaca:110": {
    "accepted_suffix_mean": 2.357142857142857,
    "cache_committed_token_fraction": 0.0,
    "cache_hit_mean": 0.0,
    "throughput_tok_s": 0.3358146492948727
  },
  "alpaca:135": {
    "accepted_suffix_mean": 3.6666666666666665,
    "cache_committed_token_fraction": 0.0,
    "cache_hit_mean": 0.0,
    "throughput_tok_s": 0.5309337018219346
  },
  "alpaca:155": {
    "accepted_suffix_mean": 1.9444444444444444,
    "cache_committed_token_fraction": 0.0,
    "cache_hit_mean": 0.0,
    "throughput_tok_s": 0.2664022579125936
  },
  "alpaca:156": {
    "accepted_suffix_mean": 3.7,
    "cache_committed_token_fraction": 0.0,
    "cache_hit_mean": 0.0,
    "throughput_tok_s": 0.533955479401255
  },
  "alpaca:166": {
    "accepted_suffix_mean": 2.357142857142857,
    "cache_committed_token_fraction": 0.0,
    "cache_hit_mean": 0.0,
    "throughput_tok_s": 0.3358146492948727
  },
  "alpaca:172": {
    "accepted_suffix_mean": 2.176470588235294,
    "cache_committed_token_fraction": 0.0,
    "cache_hit_mean": 0.0,
    "throughput_tok_s": 0.3002698749499795
  },
  "alpaca:182": {
    "accepted_suffix_mean": 2.125,
    "cache_committed_token_fraction": 0.0,
    "cache_hit_mean": 0.0,
    "throughput_tok_s": 0.2965349145473661
  },
  "alpaca:184": {
    "accepted_suffix_mean": 2.6666666666666665,
    "cache_committed_token_fraction": 0.0,
    "cache_hit_mean": 0.0,
    "throughput_tok_s": 0.3833053085062856
  },
  "alpaca:186": {
    "accepted_suffix_mean": 2.5714285714285716,
    "cache_committed_token_fraction": 0.0,
    "cache_hit_mean": 0.0,
    "throughput_tok_s": 0.3663432537762248
  },
  "alpaca:19": {
    "accepted_suffix_mean": 2.4615384615384617,
    "cache_committed_token_fraction": 0.0,
    "cache_hit_mean": 0.0,
    "throughput_tok_s": 0.3529188537209107
  },
  "alpaca:191": {
    "accepted_suffix_mean": 2.6666666666666665,
    "cache_committed_token_fraction": 0.0,
    "cache_hit_mean": 0.0,
    "throughput_tok_s": 0.3833053085062856
  },
  "alpaca:199": {
    "accepted_suffix_mean": 2.1333333333333333,
    "cache_committed_token_fraction": 0.0,
    "cache_hit_mean": 0.0,
    "throughput_tok_s": 0.3012247143711659
  },
  "alpaca:33": {
    "accepted_suffix_mean": 4.714285714285714,
    "cache_committed_token_fraction": 0.0,
    "cache_hit_mean": 0.0,
    "throughput_tok_s": 0.6828118713735853
  },
  "alpaca:47": {
    "accepted_suffix_mean": 2.6666666666666665,
    "cache_committed_token_fraction": 0.0,
    "cache_hit_mean": 0.0,
    "throughput_tok_s": 0.3833053085062856
  },
  "alpaca:48": {
    "accepted_suffix_mean": 2,
    "cache_committed_token_fraction": 0.0,
    "cache_hit_mean": 0.0,
    "throughput_tok_s": 0.27909168427987396
  },
  "alpaca:5": {
    "accepted_suffix_mean": 3,
    "cache_committed_token_fraction": 0.0,
    "cache_hit_mean": 0.0,
    "throughput_tok_s": 0.4312184720695713
  },
  "alpaca:54": {
    "accepted_suffix_mean": 3.090909090909091,
    "cache_committed_token_fraction": 0.0,
    "cache_hit_mean": 0.0,
    "throughput_tok_s": 0.4457502030523126
  },
  "alpaca:95": {
    "accepted_suffix_mean": 2,
    "cache_committed_token_fraction": 0.0,
    "cache_hit_mean": 0.0,
    "throughput_tok_s": 0.27909168427987396
  },
  "gsm:105": {
    "accepted_suffix_mean": 2.8333333333333335,
    "cache_committed_token_fraction": 0.0,
    "cache_hit_mean": 0.0,
    "throughput_tok_s": 0.4072618902879285
  },
  "gsm:106": {
    "accepted_suffix_mean": 4,
    "cache_committed_token_fraction": 0.0,
    "cache_hit_mean": 0.0,
    "throughput_tok_s": 0.579200401987565
  },
  "gsm:119": {
    "accepted_suffix_mean": 3.6,
    "cache_committed_token_fraction": 0.0,
    "cache_hit_mean": 0.0,
    "throughput_tok_s": 0.5195242502282481
  },
  "gsm:122": {
    "accepted_suffix_mean": 4.125,
    "cache_committed_token_fraction": 0.0,
    "cache_hit_mean": 0.0,
    "throughput_tok_s": 0.56991453121018
  },
  "gsm:138": {
    "accepted_suffix_mean": 3.090909090909091,
    "cache_committed_token_fraction": 0.0,
    "cache_hit_mean": 0.0,
    "throughput_tok_s": 0.40017807542785916
  },
  "gsm:142": {
    "accepted_suffix_mean": 2.8333333333333335,
    "cache_committed_token_fraction": 0.0,
    "cache_hit_mean": 0.0,
    "throughput_tok_s": 0.3675014996713889
  },
  "gsm:149": {
    "accepted_suffix_mean": 2.5714285714285716,
    "cache_committed_token_fraction": 0.0,
    "cache_hit_mean": 0.0,
    "throughput_tok_s": 0.3662721228718204
  },
  "gsm:157": {
    "accepted_suffix_mean": 4,
    "cache_committed_token_fraction": 0.0,
    "cache_hit_mean": 0.0,
    "throughput_tok_s": 0.5154132633237155
  },
  "gsm:158": {
    "accepted_suffix_mean": 2.909090909090909,
    "cache_committed_token_fraction": 0.0,
    "cache_hit_mean": 0.0,
    "throughput_tok_s": 0.3748076962964279
  },
  "gsm:178": {
    "accepted_suffix_mean": 3.3,
    "cache_committed_token_fraction": 0.0,
    "cache_hit_mean": 0.0,
    "throughput_tok_s": 0.4240410069157077
  },
  "gsm:187": {
    "accepted_suffix_mean": 3.7777777777777777,
    "cache_committed_token_fraction": 0.0,
    "cache_hit_mean": 0.0,
    "throughput_tok_s": 0.4854198127722991
  },
  "gsm:196": {
    "accepted_suffix_mean": 3.5,
    "cache_committed_token_fraction": 0.0,
    "cache_hit_mean": 0.0,
    "throughput_tok_s": 0.44645489416211204
  },
  "gsm:198": {
    "accepted_suffix_mean": 3.2,
    "cache_committed_token_fraction": 0.0,
    "cache_hit_mean": 0.0,
    "throughput_tok_s": 0.4081873318053596
  },
  "gsm:24": {
    "accepted_suffix_mean": 1.8823529411764706,
    "cache_committed_token_fraction": 0.0,
    "cache_hit_mean": 0.0,
    "throughput_tok_s": 0.25969286482160386
  },
  "gsm:3": {
    "accepted_suffix_mean": 3.5,
    "cache_committed_token_fraction": 0.0,
    "cache_hit_mean": 0.0,
    "throughput_tok_s": 0.5050930210552412
  },
  "gsm:33": {
    "accepted_suffix_mean": 3.5,
    "cache_committed_token_fraction": 0.0,
    "cache_hit_mean": 0.0,
    "throughput_tok_s": 0.5050930210552412
  },
  "gsm:39": {
    "accepted_suffix_mean": 3.090909090909091,
    "cache_committed_token_fraction": 0.0,
    "cache_hit_mean": 0.0,
    "throughput_tok_s": 0.4457502030523126
  },
  "gsm:43": {
    "accepted_suffix_mean": 2.5384615384615383,
    "cache_committed_token_fraction": 0.0,
    "cache_hit_mean": 0.0,
    "throughput_tok_s": 0.3639475678996892
  },
  "gsm:45": {
    "accepted_suffix_mean": 2.9166666666666665,
    "cache_committed_token_fraction": 0.0,
    "cache_hit_mean": 0.0,
    "throughput_tok_s": 0.4192401811787499
  },
  "gsm:46": {
    "accepted_suffix_mean": 3.9,
    "cache_committed_token_fraction": 0.0,
    "cache_hit_mean": 0.0,
    "throughput_tok_s": 0.5628179377472688
  },
  "gsm:65": {
    "accepted_suffix_mean": 2.6153846153846154,
    "cache_committed_token_fraction": 0.0,
    "cache_hit_mean": 0.0,
    "throughput_tok_s": 0.3749762820784676
  },
  "gsm:69": {
    "accepted_suffix_mean": 3.090909090909091,
    "cache_committed_token_fraction": 0.0,
    "cache_hit_mean": 0.0,
    "throughput_tok_s": 0.4457502030523126
  },
  "gsm:94": {
    "accepted_suffix_mean": 3,
    "cache_committed_token_fraction": 0.0,
    "cache_hit_mean": 0.0,
    "throughput_tok_s": 0.4326399029625387
  },
  "humaneval:105": {
    "accepted_suffix_mean": 4.875,
    "cache_committed_token_fraction": 0.0,
    "cache_hit_mean": 0.0,
    "throughput_tok_s": 0.6345455721679164
  },
  "humaneval:110": {
    "accepted_suffix_mean": 5.571428571428571,
    "cache_committed_token_fraction": 0.0,
    "cache_hit_mean": 0.0,
    "throughput_tok_s": 0.7290153222970366
  },
  "humaneval:125": {
    "accepted_suffix_mean": 6,
    "cache_committed_token_fraction": 0.0,
    "cache_hit_mean": 0.0,
    "throughput_tok_s": 0.7432135447620724
  },
  "humaneval:138": {
    "accepted_suffix_mean": 4.571428571428571,