{
  "alpaca:1": {
    "accepted_suffix_mean": 2.4615384615384617,
    "cache_committed_token_fraction": 0.9375,
    "cache_hit_mean": 0.9230769230769231,
    "throughput_tok_s": 2.07275308610048
  },
  "alpaca:110": {
    "accepted_suffix_mean": 2.357142857142857,
    "cache_committed_token_fraction": 0.9393939393939394,
    "cache_hit_mean": 0.9285714285714286,
    "throughput_tok_s": 2.68205863825823
  },
  "alpaca:135": {
    "accepted_suffix_mean": 3.6666666666666665,
    "cache_committed_token_fraction": 0.9696969696969697,
    "cache_hit_mean": 0.8888888888888888,
    "throughput_tok_s": 4.454426705965388
  },
  "alpaca:155": {
    "accepted_suffix_mean": 2.0588235294117645,
    "cache_committed_token_fraction": 0.9142857142857143,
    "cache_hit_mean": 0.9411764705882353,
    "throughput_tok_s": 3.907659108973125
  },
  "alpaca:156": {
    "accepted_suffix_mean": 3.7,
    "cache_committed_token_fraction": 0.918918918918919,
    "cache_hit_mean": 0.9,
    "throughput_tok_s": 4.953069013039239
  },
  "alpaca:166": {
    "accepted_suffix_mean": 2.357142857142857,
    "cache_committed_token_fraction": 0.9393939393939394,
    "cache_hit_mean": 0.9285714285714286,
    "throughput_tok_s": 3.8238629478134767
  },
  "alpaca:172": {
    "accepted_suffix_mean": 2.176470588235294,
    "cache_committed_token_fraction": 0.972972972972973,
    "cache_hit_mean": 0.9411764705882353,
    "throughput_tok_s": 4.670790119059009
  },
  "alpaca:182": {
    "accepted_suffix_mean": 2.125,
    "cache_committed_token_fraction": 0.9705882352941176,
    "cache_hit_mean": 0.9375,
    "throughput_tok_s": 6.45822865045844
  },
  "alpaca:184": {
    "accepted_suffix_mean": 2.6666666666666665,
    "cache_committed_token_fraction": 0.96875,
    "cache_hit_mean": 0.9166666666666666,
    "throughput_tok_s": 6.624326959731595
  },
  "alpaca:186": {
    "accepted_suffix_mean": 2.5,
    "cache_committed_token_fraction": 0.9714285714285714,
    "cache_hit_mean": 0.9285714285714286,
    "throughput_tok_s": 9.881541925707673
  },
  "alpaca:19": {
    "accepted_suffix_mean": 2.6666666666666665,
    "cache_committed_token_fraction": 0.9375,
    "cache_hit_mean": 0.9166666666666666,
    "throughput_tok_s": 2.238203683823451
  },
  "alpaca:191": {
    "accepted_suffix_mean": 2.6666666666666665,
    "cache_committed_token_fraction": 0.90625,
    "cache_hit_mean": 0.9166666666666666,
    "throughput_tok_s": 12.147318288166957
  },
  "alpaca:199": {
    "accepted_suffix_mean": 2.1333333333333333,
    "cache_committed_token_fraction": 0.9375,
    "cache_hit_mean": 0.9333333333333333,
    "throughput_tok_s": 13.908435973762028
  },
  "alpaca:33": {
    "accepted_suffix_mean": 4.714285714285714,
    "cache_committed_token_fraction": 0.9393939393939394,
    "cache_hit_mean": 0.8571428571428571,
    "throughput_tok_s": 3.7777002136097986
  },
  "alpaca:47": {
    "accepted_suffix_mean": 2.6666666666666665,
    "cache_committed_token_fraction": 0.96875,
    "cache_hit_mean": 0.9166666666666666,
    "throughput_tok_s": 2.238203683823451
  },
  "alpaca:48": {
    "accepted_suffix_mean": 2,
    "cache_committed_token_fraction": 0.96875,
    "cache_hit_mean": 0.9375,
    "throughput_tok_s": 1.7477288716657093
  },
  "alpaca:5": {
    "accepted_suffix_mean": 3,
    "cache_committed_token_fraction": 0.9444444444444444,
    "cache_hit_mean": 0.9166666666666666,
    "throughput_tok_s": 2.517979144301383
  },
  "alpaca:54": {
    "accepted_suffix_mean": 3.090909090909091,
    "cache_committed_token_fraction": 0.9705882352941176,
    "cache_hit_mean": 0.9090909090909091,
    "throughput_tok_s": 2.652185807244037
  },
  "alpaca:95": {
    "accepted_suffix_mean": 2,
    "cache_committed_token_fraction": 0.9375,
    "cache_hit_mean": 0.9375,
    "throughput_tok_s": 1.7477288716657093
  },
  "gsm:105": {
    "accepted_suffix_mean": 2.8333333333333335,
    "cache_committed_token_fraction": 0.9705882352941176,
    "cache_hit_mean": 0.9166666666666666,
    "throughput_tok_s": 27.662437028453724
  },
  "gsm:106": {
    "accepted_suffix_mean": 4,
    "cache_committed_token_fraction": 0.9444444444444444,
    "cache_hit_mean": 0.8888888888888888,
    "throughput_tok_s": 39.11044968276772
  },
  "gsm:119": {
    "accepted_suffix_mean": 3.6,
    "cache_committed_token_fraction": 0.9722222222222222,
    "cache_hit_mean": 0.9,
    "throughput_tok_s": 34.932905755950166
  },
  "gsm:122": {
    "accepted_suffix_mean": 4.125,
    "cache_committed_token_fraction": 0.9696969696969697,
    "cache_hit_mean": 0.875,
    "throughput_tok_s": 40.31761154482967
  },
  "gsm:138": {
    "accepted_suffix_mean": 3.090909090909091,
    "cache_committed_token_fraction": 0.9705882352941176,
    "cache_hit_mean": 0.9090909090909091,
    "throughput_tok_s": 30.26335146896492
  },
  "gsm:142": {
    "accepted_suffix_mean": 2.75,
    "cache_committed_token_fraction": 0.9696969696969697,
    "cache_hit_mean": 0.9166666666666666,
    "throughput_tok_s": 26.977001218442236
  },
  "gsm:149": {
    "accepted_suffix_mean": 2.5714285714285716,
    "cache_committed_token_fraction": 0.9444444444444444,
    "cache_hit_mean": 0.9285714285714286,
    "throughput_tok_s": 25.250121712163754
  },
  "gsm:157": {
    "accepted_suffix_mean": 4,
    "cache_committed_token_fraction": 0.90625,
    "cache_hit_mean": 0.875,
    "throughput_tok_s": 39.93099774358859
  },
  "gsm:158": {
    "accepted_suffix_mean": 2.909090909090909,
    "cache_committed_token_fraction": 0.96875,
    "cache_hit_mean": 0.9090909090909091,
    "throughput_tok_s": 28.37325529547505
  },
  "gsm:178": {
    "accepted_suffix_mean": 3.3,
    "cache_committed_token_fraction": 0.9696969696969697,
    "cache_hit_mean": 0.9,
    "throughput_tok_s": 32.2654126473108
  },
  "gsm:187": {
    "accepted_suffix_mean": 3.7777777777777777,
    "cache_committed_token_fraction": 0.9411764705882353,
    "cache_hit_mean": 0.8888888888888888,
    "throughput_tok_s": 37.25448109676015
  },
  "gsm:196": {
    "accepted_suffix_mean": 3.5,
    "cache_committed_token_fraction": 0.9714285714285714,
    "cache_hit_mean": 0.9,
    "throughput_tok_s": 33.91541678732997
  },
  "gsm:198": {
    "accepted_suffix_mean": 3.2,
    "cache_committed_token_fraction": 0.96875,
    "cache_hit_mean": 0.9,
    "throughput_tok_s": 30.50601344425165
  },
  "gsm:24": {
    "accepted_suffix_mean": 1.8823529411764706,
    "cache_committed_token_fraction": 0.96875,
    "cache_hit_mean": 0.9411764705882353,
    "throughput_tok_s": 18.087702522607742
  },
  "gsm:3": {
    "accepted_suffix_mean": 3.5,
    "cache_committed_token_fraction": 0.9714285714285714,
    "cache_hit_mean": 0.9,
    "throughput_tok_s": 33.75392677862952
  },
  "gsm:33": {
    "accepted_suffix_mean": 3.5,
    "cache_committed_token_fraction": 0.9714285714285714,
    "cache_hit_mean": 0.9,
    "throughput_tok_s": 33.81189639079115
  },
  "gsm:39": {
    "accepted_suffix_mean": 3.090909090909091,
    "cache_committed_token_fraction": 0.9705882352941176,
    "cache_hit_mean": 0.9090909090909091,
    "throughput_tok_s": 29.857707268789625
  },
  "gsm:43": {
    "accepted_suffix_mean": 2.5384615384615383,
    "cache_committed_token_fraction": 0.9696969696969697,
    "cache_hit_mean": 0.9230769230769231,
    "throughput_tok_s": 24.71473633712571
  },
  "gsm:45": {
    "accepted_suffix_mean": 2.9166666666666665,
    "cache_committed_token_fraction": 0.9714285714285714,
    "cache_hit_mean": 0.9166666666666666,
    "throughput_tok_s": 28.327877921971673
  },
  "gsm:46": {
    "accepted_suffix_mean": 3.9,
    "cache_committed_token_fraction": 0.9743589743589743,
    "cache_hit_mean": 0.9,
    "throughput_tok_s": 37.59357385006668
  },
  "gsm:65": {
    "accepted_suffix_mean": 2.6153846153846154,
    "cache_committed_token_fraction": 0.9705882352941176,
    "cache_hit_mean": 0.9230769230769231,
    "throughput_tok_s": 24.986530554894937
  },
  "gsm:69": {
    "accepted_suffix_mean": 3.090909090909091,
    "cache_committed_token_fraction": 0.9411764705882353,