{
  "accepted_suffix_mean": 3.0823529411764707,
  "actual_frontier_rank_distribution": {
    "0": 850
  },
  "batch_size": 8,
  "cache_committed_token_fraction": 0.9416030534351145,
  "cache_hit_mean": 0.9094117647058824,
  "ddtree_step_ms": 41.18910687357451,
  "frontier_candidate_count_mean": 2.0,
  "frontier_count": 2,
  "hit_cycle_latency_ms": 272.5637361625954,
  "hit_only_accepted_suffix_mean": 3.1914618369987062,
  "mean_cycle_latency_ms": 292.50586696407373,
  "miss_cycle_latency_ms": 492.7041411139797,
  "miss_only_accepted_suffix_mean": 1.9870129870129871,
  "mode": "ddtree_ssd_exact_on_oracle",
  "num_prompts": 77,
  "prompt_group_summary": {
    "accepted_suffix_mean": {
      "mean": 3.514059381964271,
      "stderr": 0.16371243911103167
    },
    "cache_committed_token_fraction": {
      "mean": 0.9420731186432204,
      "stderr": 0.004328249697428293
    },
    "cache_hit_mean": {
      "mean": 0.8973159257345659,
      "stderr": 0.004570674857619118
    },
    "throughput_tok_s": {
      "mean": 28.080672956665463,
      "stderr": 1.925103793576154
    }
  },
  "target_verify_ms": 112.23976385771437,
  "throughput_tok_s": 75.76234053804029,
  "tree_budget": 8,
  "tree_build_ms": 78.36263791649742,
  "tree_compile_ms": 55.46380497671796,
  "tree_node_count_mean": 8.0,
  "verified_node_count_mean": null
}