{
  "accepted_suffix_mean": 2.9124579124579126,
  "accepted_suffix_mean_on_hit": null,
  "accepted_suffix_mean_on_miss": 2.9124579124579126,
  "batch_size": 16,
  "cache_committed_token_fraction": 0.0,
  "cache_hit_mean": 0.0,
  "draft_service_ms": 27.51280612852654,
  "fanout_template_name": "baseline48",
  "fraction_accepted": 0.31874298540965207,
  "k": 6,
  "mean_cycle_latency_ms": 35.21187161696462,
  "miss_rate": 1.0,
  "mode": "ar_async_exact_off_normal",
  "num_branches_generated_mean": 0,
  "num_prompts": 77,
  "post_verify_feedback_ms": 0.001618270443461827,
  "prompt_group_summary": {
    "accepted_suffix_mean": {
      "mean": 3.313655260695021,
      "stderr": 0.13355311161551248
    },
    "cache_committed_token_fraction": {
      "mean": 0.0,
      "stderr": 0.0
    },
    "cache_hit_mean": {
      "mean": 0.0,
      "stderr": 0.0
    },
    "draft_service_ms": {
      "mean": 28.796911090852483,
      "stderr": 1.6438779787268398
    },
    "mean_cycle_latency_ms": {
      "mean": 36.70053726566549,
      "stderr": 1.8932500351886572
    },
    "post_verify_feedback_ms": {
      "mean": 0.0015958539340838176,
      "stderr": 2.7799228814892837e-05
    },
    "target_verify_ms": {
      "mean": 7.824794722792044,
      "stderr": 0.2500185440144728
    },
    "throughput_tok_s": {
      "mean": 99.74493560988255,
      "stderr": 4.845277784222278
    }
  },
  "target_verify_ms": 7.619767533677947,
  "throughput_tok_s": 426.34306953399357
}