{
  "alpaca:1": {
    "accepted_suffix_mean": 4,
    "cache_committed_token_fraction": 0.0,
    "cache_hit_mean": 0.0,
    "throughput_tok_s": 11.76194489169164
  },
  "alpaca:110": {
    "accepted_suffix_mean": 2.4150943396226414,
    "cache_committed_token_fraction": 0.0,
    "cache_hit_mean": 0.0,
    "throughput_tok_s": 7.12966252026127
  },
  "alpaca:135": {
    "accepted_suffix_mean": 3.6857142857142855,
    "cache_committed_token_fraction": 0.0,
    "cache_hit_mean": 0.0,
    "throughput_tok_s": 10.883902905810091
  },
  "alpaca:155": {
    "accepted_suffix_mean": 2.3703703703703702,
    "cache_committed_token_fraction": 0.0,
    "cache_hit_mean": 0.0,
    "throughput_tok_s": 6.781865277232346
  },
  "alpaca:156": {
    "accepted_suffix_mean": 3.611111111111111,
    "cache_committed_token_fraction": 0.0,
    "cache_hit_mean": 0.0,
    "throughput_tok_s": 10.701325350685726
  },
  "alpaca:166": {
    "accepted_suffix_mean": 2.4615384615384617,
    "cache_committed_token_fraction": 0.0,
    "cache_hit_mean": 0.0,
    "throughput_tok_s": 7.506539352454953
  },
  "alpaca:172": {
    "accepted_suffix_mean": 3.1707317073170733,
    "cache_committed_token_fraction": 0.0,
    "cache_hit_mean": 0.0,
    "throughput_tok_s": 9.499703244305636
  },
  "alpaca:182": {
    "accepted_suffix_mean": 2.3454545454545452,
    "cache_committed_token_fraction": 0.0,
    "cache_hit_mean": 0.0,
    "throughput_tok_s": 6.519878481658761
  },
  "alpaca:184": {
    "accepted_suffix_mean": 3.5135135135135136,
    "cache_committed_token_fraction": 0.0,
    "cache_hit_mean": 0.0,
    "throughput_tok_s": 10.448398547482459
  },
  "alpaca:186": {
    "accepted_suffix_mean": 2.909090909090909,
    "cache_committed_token_fraction": 0.0,
    "cache_hit_mean": 0.0,
    "throughput_tok_s": 8.759186644897577
  },
  "alpaca:19": {
    "accepted_suffix_mean": 3.8857142857142857,
    "cache_committed_token_fraction": 0.0,
    "cache_hit_mean": 0.0,
    "throughput_tok_s": 11.474502288295911
  },
  "alpaca:191": {
    "accepted_suffix_mean": 2.8333333333333335,
    "cache_committed_token_fraction": 0.0,
    "cache_hit_mean": 0.0,
    "throughput_tok_s": 8.581655705184946
  },
  "alpaca:199": {
    "accepted_suffix_mean": 2.6666666666666665,
    "cache_committed_token_fraction": 0.0,
    "cache_hit_mean": 0.0,
    "throughput_tok_s": 8.076852428409362
  },
  "alpaca:33": {
    "accepted_suffix_mean": 7.277777777777778,
    "cache_committed_token_fraction": 0.0,
    "cache_hit_mean": 0.0,
    "throughput_tok_s": 19.709286613327258
  },
  "alpaca:47": {
    "accepted_suffix_mean": 3.675675675675676,
    "cache_committed_token_fraction": 0.0,
    "cache_hit_mean": 0.0,
    "throughput_tok_s": 10.930632326597033
  },
  "alpaca:48": {
    "accepted_suffix_mean": 2.66,
    "cache_committed_token_fraction": 0.0,
    "cache_hit_mean": 0.0,
    "throughput_tok_s": 8.098028136031605
  },
  "alpaca:5": {
    "accepted_suffix_mean": 3.4864864864864864,
    "cache_committed_token_fraction": 0.0,
    "cache_hit_mean": 0.0,
    "throughput_tok_s": 10.368026250963363
  },
  "alpaca:54": {
    "accepted_suffix_mean": 4.03125,
    "cache_committed_token_fraction": 0.0,
    "cache_hit_mean": 0.0,
    "throughput_tok_s": 11.76246124513958
  },
  "alpaca:95": {
    "accepted_suffix_mean": 2.4716981132075473,
    "cache_committed_token_fraction": 0.0,
    "cache_hit_mean": 0.0,
    "throughput_tok_s": 7.296763985579894
  },
  "gsm:105": {
    "accepted_suffix_mean": 4.129032258064516,
    "cache_committed_token_fraction": 0.0,
    "cache_hit_mean": 0.0,
    "throughput_tok_s": 11.982974102066082
  },
  "gsm:106": {
    "accepted_suffix_mean": 4.258064516129032,
    "cache_committed_token_fraction": 0.0,
    "cache_hit_mean": 0.0,
    "throughput_tok_s": 12.357442042755647
  },
  "gsm:119": {
    "accepted_suffix_mean": 3.8823529411764706,
    "cache_committed_token_fraction": 0.0,
    "cache_hit_mean": 0.0,
    "throughput_tok_s": 11.416005336053649
  },
  "gsm:122": {
    "accepted_suffix_mean": 5.541666666666667,
    "cache_committed_token_fraction": 0.0,
    "cache_hit_mean": 0.0,
    "throughput_tok_s": 18.158649505148173
  },
  "gsm:138": {
    "accepted_suffix_mean": 4.1875,
    "cache_committed_token_fraction": 0.0,
    "cache_hit_mean": 0.0,
    "throughput_tok_s": 10.783271008221625
  },
  "gsm:142": {
    "accepted_suffix_mean": 3.657142857142857,
    "cache_committed_token_fraction": 0.0,
    "cache_hit_mean": 0.0,
    "throughput_tok_s": 9.538724362493195
  },
  "gsm:149": {
    "accepted_suffix_mean": 3.25,
    "cache_committed_token_fraction": 0.0,
    "cache_hit_mean": 0.0,
    "throughput_tok_s": 8.908296878824197
  },
  "gsm:157": {
    "accepted_suffix_mean": 4.888888888888889,
    "cache_committed_token_fraction": 0.0,
    "cache_hit_mean": 0.0,
    "throughput_tok_s": 12.092858759383622
  },
  "gsm:158": {
    "accepted_suffix_mean": 3.823529411764706,
    "cache_committed_token_fraction": 0.0,
    "cache_hit_mean": 0.0,
    "throughput_tok_s": 9.939974573865925
  },
  "gsm:178": {
    "accepted_suffix_mean": 4.290322580645161,
    "cache_committed_token_fraction": 0.0,
    "cache_hit_mean": 0.0,
    "throughput_tok_s": 10.8969539334968
  },
  "gsm:187": {
    "accepted_suffix_mean": 4,
    "cache_committed_token_fraction": 0.0,
    "cache_hit_mean": 0.0,
    "throughput_tok_s": 10.317953906490166
  },
  "gsm:196": {
    "accepted_suffix_mean": 4.193548387096774,
    "cache_committed_token_fraction": 0.0,
    "cache_hit_mean": 0.0,
    "throughput_tok_s": 10.638131308674497
  },
  "gsm:198": {
    "accepted_suffix_mean": 3.4864864864864864,
    "cache_committed_token_fraction": 0.0,
    "cache_hit_mean": 0.0,
    "throughput_tok_s": 9.41153474859246
  },
  "gsm:24": {
    "accepted_suffix_mean": 2.723404255319149,
    "cache_committed_token_fraction": 0.0,
    "cache_hit_mean": 0.0,
    "throughput_tok_s": 8.234414589842274
  },
  "gsm:3": {
    "accepted_suffix_mean": 4.962962962962963,
    "cache_committed_token_fraction": 0.0,
    "cache_hit_mean": 0.0,
    "throughput_tok_s": 14.152812289392873
  },
  "gsm:33": {
    "accepted_suffix_mean": 5.24,
    "cache_committed_token_fraction": 0.0,
    "cache_hit_mean": 0.0,
    "throughput_tok_s": 14.75788359438966
  },
  "gsm:39": {
    "accepted_suffix_mean": 4.366666666666666,
    "cache_committed_token_fraction": 0.0,
    "cache_hit_mean": 0.0,
    "throughput_tok_s": 12.611026957446722
  },
  "gsm:43": {
    "accepted_suffix_mean": 3.909090909090909,
    "cache_committed_token_fraction": 0.0,
    "cache_hit_mean": 0.0,
    "throughput_tok_s": 11.441965260513548
  },
  "gsm:45": {
    "accepted_suffix_mean": 4.366666666666666,
    "cache_committed_token_fraction": 0.0,
    "cache_hit_mean": 0.0,
    "throughput_tok_s": 12.611026957446722
  },
  "gsm:46": {
    "accepted_suffix_mean": 3.3076923076923075,
    "cache_committed_token_fraction": 0.0,
    "cache_hit_mean": 0.0,
    "throughput_tok_s": 9.912650681660464
  },
  "gsm:65": {
    "accepted_suffix_mean": 3.358974358974359,
    "cache_committed_token_fraction": 0.0,
    "cache_hit_mean": 0.0,
    "throughput_tok_s": 10.066335188352875
  },
  "gsm:69": {
    "accepted_suffix_mean": 3.2,
    "cache_committed_token_fraction": 0.0,
    "cache_hit_mean": 0.0,
    "throughput_tok_s": 9.6263043977313
  },
  "gsm:94": {
    "accepted_suffix_mean": 3.9393939393939394,
    "cache_committed_token_fraction": 0.0,
    "cache_hit_mean": 0.0,
    "throughput_tok_s": 11.530662665633807
  },
  "humaneval:105": {
    "accepted_suffix_mean": 6.285714285714286,
    "cache_committed_token_fraction": 0.0,
    "cache_hit_mean": 0.0,
    "throughput_tok_s": 14.757069766081587
  },
  "humaneval:110": {
    "accepted_suffix_mean": 5.12,
    "cache_committed_token_fraction": 0.0,
    "cache_hit_mean": 0.0,
    "throughput_tok_s": 13.075541171587325
  },
  "humaneval:125": {
    "accepted_suffix_mean": 5.695652173913044,
    "cache_committed_token_fraction": 0.0,
    "cache_hit_mean": 0.0,