{
  "alpaca:1": {
    "accepted_suffix_mean": 4,
    "cache_committed_token_fraction": 0.0,
    "cache_hit_mean": 0.0,
    "throughput_tok_s": 10.715031933985635
  },
  "alpaca:110": {
    "accepted_suffix_mean": 2.4150943396226414,
    "cache_committed_token_fraction": 0.0,
    "cache_hit_mean": 0.0,
    "throughput_tok_s": 7.97246351748476
  },
  "alpaca:135": {
    "accepted_suffix_mean": 3.6857142857142855,
    "cache_committed_token_fraction": 0.0,
    "cache_hit_mean": 0.0,
    "throughput_tok_s": 10.01170854325785
  },
  "alpaca:155": {
    "accepted_suffix_mean": 2.327272727272727,
    "cache_committed_token_fraction": 0.0,
    "cache_hit_mean": 0.0,
    "throughput_tok_s": 7.8017769207854775
  },
  "alpaca:156": {
    "accepted_suffix_mean": 3.611111111111111,
    "cache_committed_token_fraction": 0.0,
    "cache_hit_mean": 0.0,
    "throughput_tok_s": 9.950759453613895
  },
  "alpaca:166": {
    "accepted_suffix_mean": 2.4615384615384617,
    "cache_committed_token_fraction": 0.0,
    "cache_hit_mean": 0.0,
    "throughput_tok_s": 8.06534842529939
  },
  "alpaca:172": {
    "accepted_suffix_mean": 3.0952380952380953,
    "cache_committed_token_fraction": 0.0,
    "cache_hit_mean": 0.0,
    "throughput_tok_s": 9.223617105063086
  },
  "alpaca:182": {
    "accepted_suffix_mean": 2.3454545454545452,
    "cache_committed_token_fraction": 0.0,
    "cache_hit_mean": 0.0,
    "throughput_tok_s": 7.862728302979114
  },
  "alpaca:184": {
    "accepted_suffix_mean": 3.5135135135135136,
    "cache_committed_token_fraction": 0.0,
    "cache_hit_mean": 0.0,
    "throughput_tok_s": 9.820445283151187
  },
  "alpaca:186": {
    "accepted_suffix_mean": 2.909090909090909,
    "cache_committed_token_fraction": 0.0,
    "cache_hit_mean": 0.0,
    "throughput_tok_s": 15.701937853901327
  },
  "alpaca:19": {
    "accepted_suffix_mean": 3.8857142857142857,
    "cache_committed_token_fraction": 0.0,
    "cache_hit_mean": 0.0,
    "throughput_tok_s": 10.554979549481144
  },
  "alpaca:191": {
    "accepted_suffix_mean": 2.8333333333333335,
    "cache_committed_token_fraction": 0.0,
    "cache_hit_mean": 0.0,
    "throughput_tok_s": 15.944690514539108
  },
  "alpaca:199": {
    "accepted_suffix_mean": 2.6666666666666665,
    "cache_committed_token_fraction": 0.0,
    "cache_hit_mean": 0.0,
    "throughput_tok_s": 15.044112114458073
  },
  "alpaca:33": {
    "accepted_suffix_mean": 7.277777777777778,
    "cache_committed_token_fraction": 0.0,
    "cache_hit_mean": 0.0,
    "throughput_tok_s": 13.781871854871547
  },
  "alpaca:47": {
    "accepted_suffix_mean": 3.675675675675676,
    "cache_committed_token_fraction": 0.0,
    "cache_hit_mean": 0.0,
    "throughput_tok_s": 10.273696603912011
  },
  "alpaca:48": {
    "accepted_suffix_mean": 2.66,
    "cache_committed_token_fraction": 0.0,
    "cache_hit_mean": 0.0,
    "throughput_tok_s": 8.570940727835781
  },
  "alpaca:5": {
    "accepted_suffix_mean": 3.4864864864864864,
    "cache_committed_token_fraction": 0.0,
    "cache_hit_mean": 0.0,
    "throughput_tok_s": 9.744903396357715
  },
  "alpaca:54": {
    "accepted_suffix_mean": 4.03125,
    "cache_committed_token_fraction": 0.0,
    "cache_hit_mean": 0.0,
    "throughput_tok_s": 10.470713790532983
  },
  "alpaca:95": {
    "accepted_suffix_mean": 2.4716981132075473,
    "cache_committed_token_fraction": 0.0,
    "cache_hit_mean": 0.0,
    "throughput_tok_s": 8.159318131175809
  },
  "gsm:105": {
    "accepted_suffix_mean": 4.129032258064516,
    "cache_committed_token_fraction": 0.0,
    "cache_hit_mean": 0.0,
    "throughput_tok_s": 23.221648208227577
  },
  "gsm:106": {
    "accepted_suffix_mean": 4.258064516129032,
    "cache_committed_token_fraction": 0.0,
    "cache_hit_mean": 0.0,
    "throughput_tok_s": 23.868687011713238
  },
  "gsm:119": {
    "accepted_suffix_mean": 3.8823529411764706,
    "cache_committed_token_fraction": 0.0,
    "cache_hit_mean": 0.0,
    "throughput_tok_s": 21.760457825132068
  },
  "gsm:122": {
    "accepted_suffix_mean": 5.32,
    "cache_committed_token_fraction": 0.0,
    "cache_hit_mean": 0.0,
    "throughput_tok_s": 29.81059784551103
  },
  "gsm:138": {
    "accepted_suffix_mean": 4.1875,
    "cache_committed_token_fraction": 0.0,
    "cache_hit_mean": 0.0,
    "throughput_tok_s": 23.466138120713453
  },
  "gsm:142": {
    "accepted_suffix_mean": 3.657142857142857,
    "cache_committed_token_fraction": 0.0,
    "cache_hit_mean": 0.0,
    "throughput_tok_s": 20.558526107764074
  },
  "gsm:149": {
    "accepted_suffix_mean": 3.25,
    "cache_committed_token_fraction": 0.0,
    "cache_hit_mean": 0.0,
    "throughput_tok_s": 18.20020750284495
  },
  "gsm:157": {
    "accepted_suffix_mean": 4.888888888888889,
    "cache_committed_token_fraction": 0.0,
    "cache_hit_mean": 0.0,
    "throughput_tok_s": 27.42407044721073
  },
  "gsm:158": {
    "accepted_suffix_mean": 3.823529411764706,
    "cache_committed_token_fraction": 0.0,
    "cache_hit_mean": 0.0,
    "throughput_tok_s": 21.476991687029376
  },
  "gsm:178": {
    "accepted_suffix_mean": 4.7407407407407405,
    "cache_committed_token_fraction": 0.0,
    "cache_hit_mean": 0.0,
    "throughput_tok_s": 26.406018633744615
  },
  "gsm:187": {
    "accepted_suffix_mean": 4,
    "cache_committed_token_fraction": 0.0,
    "cache_hit_mean": 0.0,
    "throughput_tok_s": 22.35998344819182
  },
  "gsm:196": {
    "accepted_suffix_mean": 4.193548387096774,
    "cache_committed_token_fraction": 0.0,
    "cache_hit_mean": 0.0,
    "throughput_tok_s": 23.41512684985371
  },
  "gsm:198": {
    "accepted_suffix_mean": 3.4864864864864864,
    "cache_committed_token_fraction": 0.0,
    "cache_hit_mean": 0.0,
    "throughput_tok_s": 19.507962388031434
  },
  "gsm:24": {
    "accepted_suffix_mean": 2.723404255319149,
    "cache_committed_token_fraction": 0.0,
    "cache_hit_mean": 0.0,
    "throughput_tok_s": 15.392297248343162
  },
  "gsm:3": {
    "accepted_suffix_mean": 4.962962962962963,
    "cache_committed_token_fraction": 0.0,
    "cache_hit_mean": 0.0,
    "throughput_tok_s": 28.079372354711627
  },
  "gsm:33": {
    "accepted_suffix_mean": 5.24,
    "cache_committed_token_fraction": 0.0,
    "cache_hit_mean": 0.0,
    "throughput_tok_s": 29.698838706215668
  },
  "gsm:39": {
    "accepted_suffix_mean": 4.366666666666666,
    "cache_committed_token_fraction": 0.0,
    "cache_hit_mean": 0.0,
    "throughput_tok_s": 24.640376664069368
  },
  "gsm:43": {
    "accepted_suffix_mean": 3.909090909090909,
    "cache_committed_token_fraction": 0.0,
    "cache_hit_mean": 0.0,
    "throughput_tok_s": 22.04980929595744
  },
  "gsm:45": {
    "accepted_suffix_mean": 4.366666666666666,
    "cache_committed_token_fraction": 0.0,
    "cache_hit_mean": 0.0,
    "throughput_tok_s": 24.640376664069368
  },
  "gsm:46": {
    "accepted_suffix_mean": 3.358974358974359,
    "cache_committed_token_fraction": 0.0,
    "cache_hit_mean": 0.0,
    "throughput_tok_s": 18.903212244704
  },
  "gsm:65": {
    "accepted_suffix_mean": 3.358974358974359,
    "cache_committed_token_fraction": 0.0,
    "cache_hit_mean": 0.0,
    "throughput_tok_s": 18.835321954949634
  },
  "gsm:69": {
    "accepted_suffix_mean": 3.2,
    "cache_committed_token_fraction": 0.0,
    "cache_hit_mean": 0.0,
    "throughput_tok_s": 17.90117310661188
  },
  "gsm:94": {
    "accepted_suffix_mean": 3.909090909090909,
    "cache_committed_token_fraction": 0.0,
    "cache_hit_mean": 0.0,
    "throughput_tok_s": 21.933128981383383
  },
  "humaneval:105": {
    "accepted_suffix_mean": 6.285714285714286,
    "cache_committed_token_fraction": 0.0,
    "cache_hit_mean": 0.0,
    "throughput_tok_s": 35.1910004240014
  },
  "humaneval:110": {
    "accepted_suffix_mean": 5.12,
    "cache_committed_token_fraction": 0.0,
    "cache_hit_mean": 0.0,
    "throughput_tok_s": 28.544733015483818
  },
  "humaneval:125": {
    "accepted_suffix_mean": 5.695652173913044,
    "cache_committed_token_fraction": 0.0,
    "cache_hit_mean": 0.0,