{
  "accepted_suffix_mean": 4.035185925629748,
  "actual_frontier_rank_distribution": {
    "0": 2501
  },
  "batch_size": 4,
  "cache_committed_token_fraction": 0.9832540626238605,
  "cache_hit_mean": 0.9692123150739704,
  "ddtree_step_ms": 15.788257916812322,
  "frontier_candidate_count_mean": 1.0,
  "frontier_count": 1,
  "hit_cycle_latency_ms": 199.6369859607692,
  "hit_only_accepted_suffix_mean": 4.093646864686469,
  "mean_cycle_latency_ms": 201.1459497538474,
  "miss_cycle_latency_ms": 248.64891383724358,
  "miss_only_accepted_suffix_mean": 2.1948051948051948,
  "mode": "ddtree_ssd_exact_on_oracle",
  "num_prompts": 77,
  "prompt_group_summary": {
    "accepted_suffix_mean": {
      "mean": 4.726098724175803,
      "stderr": 0.23701449836616906
    },
    "cache_committed_token_fraction": {
      "mean": 0.9833089219755209,
      "stderr": 0.0013620135883071738
    },
    "cache_hit_mean": {
      "mean": 0.9640658316117721,
      "stderr": 0.001770166910756357
    },
    "throughput_tok_s": {
      "mean": 56.38746739285244,
      "stderr": 3.781838830793826
    }
  },
  "target_verify_ms": 145.84713799215606,
  "throughput_tok_s": 77.39955488466731,
  "tree_budget": 16,
  "tree_build_ms": 10.726619135140318,
  "tree_compile_ms": 98.4165444787088,
  "tree_node_count_mean": 16.0,
  "verified_node_count_mean": null
}