{
  "accepted_suffix_mean": 3.609038737446198,
  "actual_frontier_rank_distribution": {
    "0": 2788
  },
  "batch_size": 16,
  "cache_committed_token_fraction": 0.9847942754919499,
  "cache_hit_mean": 0.9723816355810617,
  "ddtree_step_ms": 64.73815562629004,
  "frontier_candidate_count_mean": 1.0,
  "frontier_count": 1,
  "hit_cycle_latency_ms": 594.156068577615,
  "hit_only_accepted_suffix_mean": 3.6551088159350793,
  "mean_cycle_latency_ms": 605.8227857857926,
  "miss_cycle_latency_ms": 1016.5821409983827,
  "miss_only_accepted_suffix_mean": 1.9870129870129871,
  "mode": "ddtree_ssd_exact_on_oracle",
  "num_prompts": 77,
  "prompt_group_summary": {
    "accepted_suffix_mean": {
      "mean": 4.013325246135425,
      "stderr": 0.15416311825171938
    },
    "cache_committed_token_fraction": {
      "mean": 0.9847906329992686,
      "stderr": 0.0011885840431578036
    },
    "cache_hit_mean": {
      "mean": 0.9693159334673542,
      "stderr": 0.0011721564163121605
    },
    "throughput_tok_s": {
      "mean": 7.250363559716021,
      "stderr": 0.33075326098596486
    }
  },
  "target_verify_ms": 306.3193073408763,
  "throughput_tok_s": 90.8151154558903,
  "tree_budget": 8,
  "tree_build_ms": 85.43617913953317,
  "tree_compile_ms": 185.03362978784943,
  "tree_node_count_mean": 8.0,
  "verified_node_count_mean": null
}