{
  "alpaca:1": {
    "accepted_suffix_mean": 4,
    "cache_committed_token_fraction": 0.9852941176470589,
    "cache_hit_mean": 0.9705882352941176,
    "throughput_tok_s": 11.451069757496004
  },
  "alpaca:110": {
    "accepted_suffix_mean": 2.4150943396226414,
    "cache_committed_token_fraction": 0.984375,
    "cache_hit_mean": 0.9811320754716981,
    "throughput_tok_s": 7.268699810673493
  },
  "alpaca:135": {
    "accepted_suffix_mean": 3.6857142857142855,
    "cache_committed_token_fraction": 0.9922480620155039,
    "cache_hit_mean": 0.9714285714285714,
    "throughput_tok_s": 10.587319479654129
  },
  "alpaca:155": {
    "accepted_suffix_mean": 2.3703703703703702,
    "cache_committed_token_fraction": 0.9765625,
    "cache_hit_mean": 0.9814814814814815,
    "throughput_tok_s": 7.143909598805371
  },
  "alpaca:156": {
    "accepted_suffix_mean": 3.611111111111111,
    "cache_committed_token_fraction": 0.9769230769230769,
    "cache_hit_mean": 0.9722222222222222,
    "throughput_tok_s": 10.409095292720503
  },
  "alpaca:166": {
    "accepted_suffix_mean": 2.4615384615384617,
    "cache_committed_token_fraction": 0.984375,
    "cache_hit_mean": 0.9807692307692307,
    "throughput_tok_s": 7.399818101502428
  },
  "alpaca:172": {
    "accepted_suffix_mean": 3.1707317073170733,
    "cache_committed_token_fraction": 0.9923076923076923,
    "cache_hit_mean": 0.975609756097561,
    "throughput_tok_s": 9.285746763528792
  },
  "alpaca:182": {
    "accepted_suffix_mean": 2.3454545454545452,
    "cache_committed_token_fraction": 0.9922480620155039,
    "cache_hit_mean": 0.9818181818181818,
    "throughput_tok_s": 7.076944227068631
  },
  "alpaca:184": {
    "accepted_suffix_mean": 3.5135135135135136,
    "cache_committed_token_fraction": 0.9923076923076923,
    "cache_hit_mean": 0.972972972972973,
    "throughput_tok_s": 10.172697358795512
  },
  "alpaca:186": {
    "accepted_suffix_mean": 2.909090909090909,
    "cache_committed_token_fraction": 0.9921875,
    "cache_hit_mean": 0.9772727272727273,
    "throughput_tok_s": 8.591757054161182
  },
  "alpaca:19": {
    "accepted_suffix_mean": 3.8857142857142857,
    "cache_committed_token_fraction": 0.9852941176470589,
    "cache_hit_mean": 0.9714285714285714,
    "throughput_tok_s": 11.161825187852415
  },
  "alpaca:191": {
    "accepted_suffix_mean": 2.8333333333333335,
    "cache_committed_token_fraction": 0.9779411764705882,
    "cache_hit_mean": 0.9791666666666666,
    "throughput_tok_s": 8.448706087512578
  },
  "alpaca:199": {
    "accepted_suffix_mean": 2.6666666666666665,
    "cache_committed_token_fraction": 0.984375,
    "cache_hit_mean": 0.9791666666666666,
    "throughput_tok_s": 7.951723376482426
  },
  "alpaca:33": {
    "accepted_suffix_mean": 7.277777777777778,
    "cache_committed_token_fraction": 0.9847328244274809,
    "cache_hit_mean": 0.9444444444444444,
    "throughput_tok_s": 18.949193817740657
  },
  "alpaca:47": {
    "accepted_suffix_mean": 3.675675675675676,
    "cache_committed_token_fraction": 0.9926470588235294,
    "cache_hit_mean": 0.972972972972973,
    "throughput_tok_s": 10.642206467662996
  },
  "alpaca:48": {
    "accepted_suffix_mean": 2.66,
    "cache_committed_token_fraction": 0.9924812030075187,
    "cache_hit_mean": 0.98,
    "throughput_tok_s": 7.9725354102453885
  },
  "alpaca:5": {
    "accepted_suffix_mean": 3.4864864864864864,
    "cache_committed_token_fraction": 0.9844961240310077,
    "cache_hit_mean": 0.972972972972973,
    "throughput_tok_s": 10.09444584065093
  },
  "alpaca:54": {
    "accepted_suffix_mean": 4.03125,
    "cache_committed_token_fraction": 0.9922480620155039,
    "cache_hit_mean": 0.96875,
    "throughput_tok_s": 11.445873864767968
  },
  "alpaca:95": {
    "accepted_suffix_mean": 2.4716981132075473,
    "cache_committed_token_fraction": 0.9847328244274809,
    "cache_hit_mean": 0.9811320754716981,
    "throughput_tok_s": 7.439059962486152
  },
  "gsm:105": {
    "accepted_suffix_mean": 4.129032258064516,
    "cache_committed_token_fraction": 0.9921875,
    "cache_hit_mean": 0.967741935483871,
    "throughput_tok_s": 11.672345303837123
  },
  "gsm:106": {
    "accepted_suffix_mean": 4.258064516129032,
    "cache_committed_token_fraction": 0.9848484848484849,
    "cache_hit_mean": 0.967741935483871,
    "throughput_tok_s": 12.037106094582034
  },
  "gsm:119": {
    "accepted_suffix_mean": 3.8823529411764706,
    "cache_committed_token_fraction": 0.9924242424242424,
    "cache_hit_mean": 0.9705882352941176,
    "throughput_tok_s": 11.114273588157886
  },
  "gsm:122": {
    "accepted_suffix_mean": 5.541666666666667,
    "cache_committed_token_fraction": 0.9924812030075187,
    "cache_hit_mean": 0.9583333333333334,
    "throughput_tok_s": 18.03992197020536
  },
  "gsm:138": {
    "accepted_suffix_mean": 4.1875,
    "cache_committed_token_fraction": 0.9925373134328358,
    "cache_hit_mean": 0.96875,
    "throughput_tok_s": 13.745555936077626
  },
  "gsm:142": {
    "accepted_suffix_mean": 3.657142857142857,
    "cache_committed_token_fraction": 0.9921875,
    "cache_hit_mean": 0.9714285714285714,
    "throughput_tok_s": 11.947713824948034
  },
  "gsm:149": {
    "accepted_suffix_mean": 3.25,
    "cache_committed_token_fraction": 0.9846153846153847,
    "cache_hit_mean": 0.975,
    "throughput_tok_s": 10.931405749470333
  },
  "gsm:157": {
    "accepted_suffix_mean": 4.888888888888889,
    "cache_committed_token_fraction": 0.9772727272727273,
    "cache_hit_mean": 0.9629629629629629,
    "throughput_tok_s": 16.08346409226227
  },
  "gsm:158": {
    "accepted_suffix_mean": 3.823529411764706,
    "cache_committed_token_fraction": 0.9923076923076923,
    "cache_hit_mean": 0.9705882352941176,
    "throughput_tok_s": 12.56512918855088
  },
  "gsm:178": {
    "accepted_suffix_mean": 4.290322580645161,
    "cache_committed_token_fraction": 0.9924812030075187,
    "cache_hit_mean": 0.967741935483871,
    "throughput_tok_s": 14.05772924918293
  },
  "gsm:187": {
    "accepted_suffix_mean": 4,
    "cache_committed_token_fraction": 0.9848484848484849,
    "cache_hit_mean": 0.9696969696969697,
    "throughput_tok_s": 13.145122602085902
  },
  "gsm:196": {
    "accepted_suffix_mean": 4.193548387096774,
    "cache_committed_token_fraction": 0.9923076923076923,
    "cache_hit_mean": 0.967741935483871,
    "throughput_tok_s": 13.734538587728455
  },
  "gsm:198": {
    "accepted_suffix_mean": 3.4864864864864864,
    "cache_committed_token_fraction": 0.9922480620155039,
    "cache_hit_mean": 0.972972972972973,
    "throughput_tok_s": 11.765982564241805
  },
  "gsm:24": {
    "accepted_suffix_mean": 2.723404255319149,
    "cache_committed_token_fraction": 0.9921875,
    "cache_hit_mean": 0.9787234042553191,
    "throughput_tok_s": 8.103410976327092
  },
  "gsm:3": {
    "accepted_suffix_mean": 4.962962962962963,
    "cache_committed_token_fraction": 0.9925373134328358,
    "cache_hit_mean": 0.9629629629629629,
    "throughput_tok_s": 13.79490435042823
  },
  "gsm:33": {
    "accepted_suffix_mean": 5.24,
    "cache_committed_token_fraction": 0.9923664122137404,
    "cache_hit_mean": 0.96,
    "throughput_tok_s": 14.386996725731267
  },
  "gsm:39": {
    "accepted_suffix_mean": 4.366666666666666,
    "cache_committed_token_fraction": 0.9923664122137404,
    "cache_hit_mean": 0.9666666666666667,
    "throughput_tok_s": 12.304094090930576
  },
  "gsm:43": {
    "accepted_suffix_mean": 3.909090909090909,
    "cache_committed_token_fraction": 0.9922480620155039,
    "cache_hit_mean": 0.9696969696969697,
    "throughput_tok_s": 11.144330047960242
  },
  "gsm:45": {
    "accepted_suffix_mean": 4.366666666666666,
    "cache_committed_token_fraction": 0.9923664122137404,
    "cache_hit_mean": 0.9666666666666667,
    "throughput_tok_s": 12.304094090930576
  },
  "gsm:46": {
    "accepted_suffix_mean": 3.3076923076923075,
    "cache_committed_token_fraction": 0.9922480620155039,
    "cache_hit_mean": 0.9743589743589743,
    "throughput_tok_s": 9.616826187656933
  },