{
  "accepted_suffix_mean": 3.4532467532467535,
  "actual_frontier_rank_distribution": {
    "0": 770
  },
  "batch_size": 32,
  "cache_committed_token_fraction": 0.9364422715306506,
  "cache_hit_mean": 0.9,
  "ddtree_step_ms": 122.5530957488124,
  "frontier_candidate_count_mean": 2.0,
  "frontier_count": 2,
  "hit_cycle_latency_ms": 10833.12535379418,
  "hit_only_accepted_suffix_mean": 3.593073593073593,
  "mean_cycle_latency_ms": 10959.408661694411,
  "miss_cycle_latency_ms": 12095.958432796497,
  "miss_only_accepted_suffix_mean": 2.1948051948051948,
  "mode": "ddtree_ssd_exact_on_oracle",
  "num_prompts": 77,
  "prompt_group_summary": {
    "accepted_suffix_mean": {
      "mean": 4.143592814324289,
      "stderr": 0.24141820211603388
    },
    "cache_committed_token_fraction": {
      "mean": 0.9369965830729591,
      "stderr": 0.004969359771649079
    },
    "cache_hit_mean": {
      "mean": 0.8813830236481115,
      "stderr": 0.006429556927895025
    },
    "throughput_tok_s": {
      "mean": 0.3539470617121792,
      "stderr": 0.015135973142528927
    }
  },
  "target_verify_ms": 7144.088393905858,
  "throughput_tok_s": 8.32978229963896,
  "tree_budget": 16,
  "tree_build_ms": 68.58753839589875,
  "tree_compile_ms": 6176.434533225427,
  "tree_node_count_mean": 16.0,
  "verified_node_count_mean": null
}