{
  "accepted_suffix_mean": 2.5656970912738215,
  "accepted_suffix_mean_on_hit": null,
  "accepted_suffix_mean_on_miss": 2.5656970912738215,
  "batch_size": 16,
  "cache_committed_token_fraction": 0.0,
  "cache_hit_mean": 0.0,
  "draft_service_ms": 23.727918579453302,
  "fanout_template_name": "baseline48",
  "fraction_accepted": 0.3914242728184554,
  "k": 4,
  "mean_cycle_latency_ms": 31.305650188872516,
  "miss_rate": 1.0,
  "mode": "ar_async_exact_off_normal",
  "num_branches_generated_mean": 0,
  "num_prompts": 77,
  "post_verify_feedback_ms": 0.0013254630522299912,
  "prompt_group_summary": {
    "accepted_suffix_mean": {
      "mean": 2.767703934855712,
      "stderr": 0.08344173310996816
    },
    "cache_committed_token_fraction": {
      "mean": 0.0,
      "stderr": 0.0
    },
    "cache_hit_mean": {
      "mean": 0.0,
      "stderr": 0.0
    },
    "draft_service_ms": {
      "mean": 24.29053395167082,
      "stderr": 2.062763933011018
    },
    "mean_cycle_latency_ms": {
      "mean": 31.955616613422357,
      "stderr": 2.302146829869749
    },
    "post_verify_feedback_ms": {
      "mean": 0.0013218910803462344,
      "stderr": 2.5187967209162857e-05
    },
    "target_verify_ms": {
      "mean": 7.590513425044774,
      "stderr": 0.2387510544181986
    },
    "throughput_tok_s": {
      "mean": 107.3375945722718,
      "stderr": 5.185999756981259
    }
  },
  "target_verify_ms": 7.503925992218907,
  "throughput_tok_s": 515.367177058518
}