{
  "alpaca:1": {
    "accepted_suffix_mean": 4,
    "cache_committed_token_fraction": 0.9852941176470589,
    "cache_hit_mean": 0.9705882352941176,
    "throughput_tok_s": 51.341736856038935
  },
  "alpaca:110": {
    "accepted_suffix_mean": 2.4150943396226414,
    "cache_committed_token_fraction": 0.984375,
    "cache_hit_mean": 0.9811320754716981,
    "throughput_tok_s": 52.91512642449852
  },
  "alpaca:135": {
    "accepted_suffix_mean": 3.6857142857142855,
    "cache_committed_token_fraction": 0.9922480620155039,
    "cache_hit_mean": 0.9714285714285714,
    "throughput_tok_s": 83.87579558903303
  },
  "alpaca:155": {
    "accepted_suffix_mean": 2.327272727272727,
    "cache_committed_token_fraction": 0.9765625,
    "cache_hit_mean": 0.9818181818181818,
    "throughput_tok_s": 52.97787394404138
  },
  "alpaca:156": {
    "accepted_suffix_mean": 3.611111111111111,
    "cache_committed_token_fraction": 0.9769230769230769,
    "cache_hit_mean": 0.9722222222222222,
    "throughput_tok_s": 61.76898918522425
  },
  "alpaca:166": {
    "accepted_suffix_mean": 2.4615384615384617,
    "cache_committed_token_fraction": 0.984375,
    "cache_hit_mean": 0.9807692307692307,
    "throughput_tok_s": 42.343622890530085
  },
  "alpaca:172": {
    "accepted_suffix_mean": 3.0952380952380953,
    "cache_committed_token_fraction": 0.9923076923076923,
    "cache_hit_mean": 0.9761904761904762,
    "throughput_tok_s": 63.38673248908008
  },
  "alpaca:182": {
    "accepted_suffix_mean": 2.3454545454545452,
    "cache_committed_token_fraction": 0.9922480620155039,
    "cache_hit_mean": 0.9818181818181818,
    "throughput_tok_s": 57.296630653959646
  },
  "alpaca:184": {
    "accepted_suffix_mean": 3.5135135135135136,
    "cache_committed_token_fraction": 0.9923076923076923,
    "cache_hit_mean": 0.972972972972973,
    "throughput_tok_s": 85.12847568226047
  },
  "alpaca:186": {
    "accepted_suffix_mean": 2.909090909090909,
    "cache_committed_token_fraction": 0.9921875,
    "cache_hit_mean": 0.9772727272727273,
    "throughput_tok_s": 69.58802667802073
  },
  "alpaca:19": {
    "accepted_suffix_mean": 4,
    "cache_committed_token_fraction": 0.9852941176470589,
    "cache_hit_mean": 0.9705882352941176,
    "throughput_tok_s": 77.76908335806006
  },
  "alpaca:191": {
    "accepted_suffix_mean": 2.8333333333333335,
    "cache_committed_token_fraction": 0.9779411764705882,
    "cache_hit_mean": 0.9791666666666666,
    "throughput_tok_s": 68.09685714089431
  },
  "alpaca:199": {
    "accepted_suffix_mean": 2.6666666666666665,
    "cache_committed_token_fraction": 0.984375,
    "cache_hit_mean": 0.9791666666666666,
    "throughput_tok_s": 65.19965454280643
  },
  "alpaca:33": {
    "accepted_suffix_mean": 7.277777777777778,
    "cache_committed_token_fraction": 0.9847328244274809,
    "cache_hit_mean": 0.9444444444444444,
    "throughput_tok_s": 131.79970467931858
  },
  "alpaca:47": {
    "accepted_suffix_mean": 3.675675675675676,
    "cache_committed_token_fraction": 0.9926470588235294,
    "cache_hit_mean": 0.972972972972973,
    "throughput_tok_s": 81.6900878377302
  },
  "alpaca:48": {
    "accepted_suffix_mean": 2.66,
    "cache_committed_token_fraction": 0.9924812030075187,
    "cache_hit_mean": 0.98,
    "throughput_tok_s": 61.70771804634085
  },
  "alpaca:5": {
    "accepted_suffix_mean": 3.4864864864864864,
    "cache_committed_token_fraction": 0.9844961240310077,
    "cache_hit_mean": 0.972972972972973,
    "throughput_tok_s": 46.18713934282175
  },
  "alpaca:54": {
    "accepted_suffix_mean": 4.03125,
    "cache_committed_token_fraction": 0.9922480620155039,
    "cache_hit_mean": 0.96875,
    "throughput_tok_s": 94.39052852934344
  },
  "alpaca:95": {
    "accepted_suffix_mean": 2.4716981132075473,
    "cache_committed_token_fraction": 0.9847328244274809,
    "cache_hit_mean": 0.9811320754716981,
    "throughput_tok_s": 53.91268972985683
  },
  "gsm:105": {
    "accepted_suffix_mean": 4.129032258064516,
    "cache_committed_token_fraction": 0.9921875,
    "cache_hit_mean": 0.967741935483871,
    "throughput_tok_s": 94.79049514129225
  },
  "gsm:106": {
    "accepted_suffix_mean": 4.258064516129032,
    "cache_committed_token_fraction": 0.9848484848484849,
    "cache_hit_mean": 0.967741935483871,
    "throughput_tok_s": 97.78658275397902
  },
  "gsm:119": {
    "accepted_suffix_mean": 3.8823529411764706,
    "cache_committed_token_fraction": 0.9924242424242424,
    "cache_hit_mean": 0.9705882352941176,
    "throughput_tok_s": 94.32787655406771
  },
  "gsm:122": {
    "accepted_suffix_mean": 5.32,
    "cache_committed_token_fraction": 0.9924812030075187,
    "cache_hit_mean": 0.96,
    "throughput_tok_s": 128.98129035700208
  },
  "gsm:138": {
    "accepted_suffix_mean": 4.1875,
    "cache_committed_token_fraction": 0.9925373134328358,
    "cache_hit_mean": 0.96875,
    "throughput_tok_s": 102.63426679533784
  },
  "gsm:142": {
    "accepted_suffix_mean": 3.657142857142857,
    "cache_committed_token_fraction": 0.9921875,
    "cache_hit_mean": 0.9714285714285714,
    "throughput_tok_s": 89.40706364141478
  },
  "gsm:149": {
    "accepted_suffix_mean": 3.25,
    "cache_committed_token_fraction": 0.9846153846153847,
    "cache_hit_mean": 0.975,
    "throughput_tok_s": 74.71983224647785
  },
  "gsm:157": {
    "accepted_suffix_mean": 4.888888888888889,
    "cache_committed_token_fraction": 0.9772727272727273,
    "cache_hit_mean": 0.9629629629629629,
    "throughput_tok_s": 109.86637502070984
  },
  "gsm:158": {
    "accepted_suffix_mean": 3.823529411764706,
    "cache_committed_token_fraction": 0.9923076923076923,
    "cache_hit_mean": 0.9705882352941176,
    "throughput_tok_s": 91.067968566861
  },
  "gsm:178": {
    "accepted_suffix_mean": 4.7407407407407405,
    "cache_committed_token_fraction": 0.9921875,
    "cache_hit_mean": 0.9629629629629629,
    "throughput_tok_s": 113.73735072838399
  },
  "gsm:187": {
    "accepted_suffix_mean": 4,
    "cache_committed_token_fraction": 0.9848484848484849,
    "cache_hit_mean": 0.9696969696969697,
    "throughput_tok_s": 96.37742602132023
  },
  "gsm:196": {
    "accepted_suffix_mean": 4.193548387096774,
    "cache_committed_token_fraction": 0.9923076923076923,
    "cache_hit_mean": 0.967741935483871,
    "throughput_tok_s": 101.5105395040549
  },
  "gsm:198": {
    "accepted_suffix_mean": 3.4864864864864864,
    "cache_committed_token_fraction": 0.9922480620155039,
    "cache_hit_mean": 0.972972972972973,
    "throughput_tok_s": 40.12612750084102
  },
  "gsm:24": {
    "accepted_suffix_mean": 2.723404255319149,
    "cache_committed_token_fraction": 0.9921875,
    "cache_hit_mean": 0.9787234042553191,
    "throughput_tok_s": 62.6378490106238
  },
  "gsm:3": {
    "accepted_suffix_mean": 4.962962962962963,
    "cache_committed_token_fraction": 0.9925373134328358,
    "cache_hit_mean": 0.9629629629629629,
    "throughput_tok_s": 118.84549414700162
  },
  "gsm:33": {
    "accepted_suffix_mean": 5.24,
    "cache_committed_token_fraction": 0.9923664122137404,
    "cache_hit_mean": 0.96,
    "throughput_tok_s": 119.19041462346743
  },
  "gsm:39": {
    "accepted_suffix_mean": 4.366666666666666,
    "cache_committed_token_fraction": 0.9923664122137404,
    "cache_hit_mean": 0.9666666666666667,
    "throughput_tok_s": 101.95461256095925
  },
  "gsm:43": {
    "accepted_suffix_mean": 3.909090909090909,
    "cache_committed_token_fraction": 0.9922480620155039,
    "cache_hit_mean": 0.9696969696969697,
    "throughput_tok_s": 93.74475077452301
  },
  "gsm:45": {
    "accepted_suffix_mean": 4.366666666666666,
    "cache_committed_token_fraction": 0.9923664122137404,
    "cache_hit_mean": 0.9666666666666667,
    "throughput_tok_s": 105.19511649314424
  },
  "gsm:46": {
    "accepted_suffix_mean": 3.358974358974359,
    "cache_committed_token_fraction": 0.9923664122137404,
    "cache_hit_mean": 0.9743589743589743,
    "throughput_tok_s": 73.88007766384058
  },
  "gsm:65": {
    "accepted_suffix_mean": 3.358974358974359,