{
  "accepted_suffix_mean": 3.6103336921420883,
  "actual_frontier_rank_distribution": {
    "0": 2787
  },
  "batch_size": 2,
  "cache_committed_token_fraction": 0.9847942754919499,
  "cache_hit_mean": 0.9723717258701112,
  "ddtree_step_ms": 7.435932617092915,
  "frontier_candidate_count_mean": 1.0,
  "frontier_count": 1,
  "hit_cycle_latency_ms": 45.490678819411904,
  "hit_only_accepted_suffix_mean": 3.656457564575646,
  "mean_cycle_latency_ms": 46.35009532316498,
  "miss_cycle_latency_ms": 76.59709175395501,
  "miss_only_accepted_suffix_mean": 1.9870129870129871,
  "mode": "ddtree_ssd_exact_on_oracle",
  "num_prompts": 77,
  "prompt_group_summary": {
    "accepted_suffix_mean": {
      "mean": 4.0148094761910835,
      "stderr": 0.15415409709624953
    },
    "cache_committed_token_fraction": {
      "mean": 0.9847906329992686,
      "stderr": 0.0011885840431578036
    },
    "cache_hit_mean": {
      "mean": 0.9693050200110626,
      "stderr": 0.001171948388879437
    },
    "throughput_tok_s": {
      "mean": 88.95378381612832,
      "stderr": 3.7122988627396203
    }
  },
  "target_verify_ms": 31.614860890479427,
  "throughput_tok_s": 149.30650308120633,
  "tree_budget": 8,
  "tree_build_ms": 3.1023929930945977,
  "tree_compile_ms": 4.2428218561442606,
  "tree_node_count_mean": 8.0,
  "verified_node_count_mean": null
}