{
  "accepted_suffix_mean": 3.066744730679157,
  "actual_frontier_rank_distribution": {
    "0": 854
  },
  "batch_size": 32,
  "cache_committed_token_fraction": 0.9415807560137457,
  "cache_hit_mean": 0.9098360655737705,
  "ddtree_step_ms": 113.83922741209206,
  "frontier_candidate_count_mean": 1.0,
  "frontier_count": 1,
  "hit_cycle_latency_ms": 6393.2474105852025,
  "hit_only_accepted_suffix_mean": 3.1737451737451736,
  "mean_cycle_latency_ms": 6498.913494906327,
  "miss_cycle_latency_ms": 7565.180345783131,
  "miss_only_accepted_suffix_mean": 1.9870129870129871,
  "mode": "ddtree_ssd_exact_on_oracle",
  "num_prompts": 77,
  "prompt_group_summary": {
    "accepted_suffix_mean": {
      "mean": 3.480565471579604,
      "stderr": 0.15773005057413822
    },
    "cache_committed_token_fraction": {
      "mean": 0.9419785904738259,
      "stderr": 0.004356563418383721
    },
    "cache_hit_mean": {
      "mean": 0.8981837320645571,
      "stderr": 0.004431574396135233
    },
    "throughput_tok_s": {
      "mean": 0.5161871589162286,
      "stderr": 0.017975852679612634
    }
  },
  "target_verify_ms": 3689.0307005102695,
  "throughput_tok_s": 12.502568265744559,
  "tree_budget": 8,
  "tree_build_ms": 38.03393967131055,
  "tree_compile_ms": 2781.437218710045,
  "tree_node_count_mean": 8.0,
  "verified_node_count_mean": null
}