{
  "accepted_length_support_rate": 1.0,
  "accepted_suffix_mean": 2.7420349434737923,
  "accepted_suffix_mean_on_hit": 2.825892857142857,
  "accepted_suffix_mean_on_miss": 1.7662337662337662,
  "batch_size": 64,
  "cache_committed_token_fraction": 0.9490254872563718,
  "cache_hit_mean": 0.920863309352518,
  "cache_lookup_ms": 70.45848391527063,
  "dflash_step_ms": 235.22478545567503,
  "fallback_rate": 0.07913669064748201,
  "fanout_template_name": "baseline48",
  "fraction_accepted": 0.11613566289825282,
  "hit_cycle_latency_ms": 1198.8180817801808,
  "hit_only_accepted_suffix_mean": 2.825892857142857,
  "joint_branch_recall": 0.10380267214799589,
  "mean_cycle_latency_ms": 1534.5286181433949,
  "miss_cycle_latency_ms": 5440.978495824429,
  "miss_only_accepted_suffix_mean": 1.7662337662337662,
  "miss_rate": 0.07913669064748201,
  "mode": "dflash_ssd_exact_on_oracle",
  "num_branches_generated_mean": 1,
  "num_prompts": 77,
  "predictor_ms": 0.0,
  "prompt_group_summary": {
    "accepted_length_support_rate": {
      "mean": 1.0,
      "stderr": 0.0
    },
    "accepted_suffix_mean": {
      "mean": 3.5406182621380218,
      "stderr": 0.24695307739233677
    },
    "cache_committed_token_fraction": {
      "mean": 0.9500160327171976,
      "stderr": 0.004872148108123696
    },
    "cache_hit_mean": {
      "mean": 0.8998224717718393,
      "stderr": 0.006367539045869393
    },
    "dflash_ms": {
      "mean": 384.7968103726,
      "stderr": 11.321493438605014
    },
    "hit_only_accepted_suffix_mean": {
      "mean": 3.8445378860324984,
      "stderr": 0.2964844657425224
    },
    "joint_branch_recall": {
      "mean": 0.11595801849500062,
      "stderr": 0.012811577031258585
    },
    "mean_cycle_latency_ms": {
      "mean": 1684.4269930250348,
      "stderr": 46.0308754710684
    },
    "miss_only_accepted_suffix_mean": {
      "mean": 1.7662337662337662,
      "stderr": 0.18569492607342156
    },
    "miss_rate": {
      "mean": 0.1001775282281608,
      "stderr": 0.006367539045869395
    },
    "predictor_ms": {
      "mean": 0.0,
      "stderr": 0.0
    },
    "recovery_recall_given_supported_accept": {
      "mean": 0.11595801849500062,
      "stderr": 0.012811577031258585
    },
    "target_verify_ms": {
      "mean": 480.37514344049555,
      "stderr": 34.79046802168618
    },
    "throughput_tok_s": {
      "mean": 2.006056304064203,
      "stderr": 0.09705702554635373
    }
  },
  "recovery_entropy_at_actual_accept_mean": 2.5505050900596005,
  "recovery_recall_given_supported_accept": 0.10380267214799589,
  "recovery_top1_margin_at_actual_accept_mean": 0.4028216874531307,
  "target_verify_ms": 230.55946652743,
  "throughput_tok_s": 83.1911403564929,
  "transport_ms": 9.390532545446737,
  "true_branch_rank_distribution": {
    "0": 896
  }
}