{
  "dflash_logits_kl_by_position": [
    3.231090471943836,
    2.6121317898259497,
    2.233766999516831,
    1.8225835209242418,
    1.5421016753640673,
    1.367680914895293,
    1.1984046774948416,
    1.0719649089758265,
    1.01923000382069,
    0.9049799765676991,
    0.8295808965388115,
    0.7676785230380077,
    0.6909257322628786,
    0.648142575311933,
    0.6082972754269191
  ],
  "dflash_logits_kl_mean": 1.3699039961271884,
  "dflash_token_match_rate_by_position": [
    0.2569373072970195,
    0.26104830421377184,
    0.23843782117163412,
    0.2589928057553957,
    0.2692702980472765,
    0.2744090441932169,
    0.2949640287769784,
    0.30421377183967113,
    0.3432682425488181,
    0.36896197327852004,
    0.3751284686536485,
    0.3987667009249743,
    0.4244604316546763,
    0.47173689619732784,
    0.4840698869475848
  ],
  "dflash_token_match_rate_mean": 0.33497773210003423,
  "dflash_topk_overlap_by_position": [
    0.3431654676258993,
    0.3723535457348407,
    0.4088386433710175,
    0.45457348406988696,
    0.4911613566289825,
    0.5197327852004111,
    0.550770811921891,
    0.5653648509763618,
    0.5817060637204522,
    0.5993833504624873,
    0.6179856115107913,
    0.6286742034943474,
    0.6394655704008222,
    0.6515930113052415,
    0.6623843782117164
  ],
  "dflash_topk_overlap_mean": 0.53914354230901,
  "feature_cosine_by_position": [
    0.006524712678125436,
    0.0017674736839404209,
    -0.0015080870729311151,
    0.007930373361397378,
    0.012587867807386346,
    0.009974369042211299,
    0.005964053298929612,
    0.0074232587895192445,
    0.0047234802794971055,
    0.0032000477518599178,
    0.007127230115931669,
    0.0038243100920046956,
    0.009675546148208038,
    0.004540425038993175,
    0.005580479353819452,
    0.0031442872544354306
  ],
  "feature_cosine_mean": 0.005779989226458006,
  "feature_norm_error_by_position": [
    0.9600061022610483,
    0.9584524344809866,
    0.9572560701438849,
    0.9561921891058581,
    0.9549837808324769,
    0.9548151657245632,
    0.9541808517471737,
    0.9546184480986639,
    0.9540323098663926,
    0.9536147867420349,
    0.9537753725590956,
    0.9532896004624871,
    0.9537432553956835,
    0.953763328622816,
    0.9542972764645427,
    0.9531450732271326
  ],
  "feature_norm_error_mean": 0.9550103778584276,
  "topk": 10
}