{
  "accepted_length_support_rate": 1.0,
  "accepted_suffix_mean": 2.633399209486166,
  "accepted_suffix_mean_on_hit": 1.8478260869565217,
  "accepted_suffix_mean_on_miss": 2.7119565217391304,
  "batch_size": 1,
  "cache_committed_token_fraction": 0.06378986866791744,
  "cache_hit_mean": 0.09090909090909091,
  "cache_lookup_ms": 0.019158290288679804,
  "dflash_step_ms": 56.591125681173615,
  "fallback_rate": 0.9090909090909091,
  "fanout_template_name": "baseline48",
  "fraction_accepted": 0.10889328063241106,
  "hit_cycle_latency_ms": 91.4987216820009,
  "hit_only_accepted_suffix_mean": 1.8478260869565217,
  "joint_branch_recall": 0.10573122529644269,
  "mean_cycle_latency_ms": 100.2384118649284,
  "miss_cycle_latency_ms": 101.11238088322115,
  "miss_only_accepted_suffix_mean": 2.7119565217391304,
  "miss_rate": 0.9090909090909091,
  "mode": "dflash_ssd_predicted_on_normal",
  "num_branches_generated_mean": 48,
  "num_prompts": 77,
  "predictor_ms": 1.681261162159471,
  "prompt_group_summary": {
    "accepted_length_support_rate": {
      "mean": 1.0,
      "stderr": 0.0
    },
    "accepted_suffix_mean": {
      "mean": 3.378960043570149,
      "stderr": 0.23260895176733157
    },
    "cache_committed_token_fraction": {
      "mean": 0.06308100173244317,
      "stderr": 0.009055351190040056
    },
    "cache_hit_mean": {
      "mean": 0.09331695869168358,
      "stderr": 0.010230093239769643
    },
    "dflash_ms": {
      "mean": 56.86857458486905,
      "stderr": 0.7442540097183106
    },
    "hit_only_accepted_suffix_mean": {
      "mean": 1.9951923076923077,
      "stderr": 0.30008250378650775
    },
    "joint_branch_recall": {
      "mean": 0.115663857824297,
      "stderr": 0.01243913582465682
    },
    "mean_cycle_latency_ms": {
      "mean": 100.48165232696239,
      "stderr": 5.102573856240689
    },
    "miss_only_accepted_suffix_mean": {
      "mean": 3.5250022314052707,
      "stderr": 0.24858818215090117
    },
    "miss_rate": {
      "mean": 0.9066830413083166,
      "stderr": 0.010230093239769643
    },
    "predictor_ms": {
      "mean": 1.6926597802619077,
      "stderr": 0.012093199879496482
    },
    "recovery_recall_given_supported_accept": {
      "mean": 0.115663857824297,
      "stderr": 0.01243913582465682
    },
    "target_verify_ms": {
      "mean": 33.372194879628886,
      "stderr": 4.27567249748171
    },
    "throughput_tok_s": {
      "mean": 35.0401100922026,
      "stderr": 2.4218299833873727
    }
  },
  "recovery_entropy_at_actual_accept_mean": 2.6711632325062418,
  "recovery_recall_given_supported_accept": 0.10573122529644269,
  "recovery_top1_margin_at_actual_accept_mean": 0.38757424544462044,
  "target_verify_ms": 33.29241780284424,
  "throughput_tok_s": 24.103828435284314,
  "transport_ms": 0.11016100460089183,
  "true_branch_rank_distribution": {
    "0": 13,
    "1": 16,
    "2": 20,
    "3": 1,
    "4": 7,
    "5": 8,
    "6": 1,
    "7": 2,
    "8": 2,
    "10": 3,
    "11": 2,
    "13": 4,
    "14": 1,
    "15": 1,
    "16": 1,
    "17": 2,
    "20": 1,
    "22": 1,
    "25": 2,
    "26": 2,
    "28": 1,
    "46": 1
  }
}