{
  "alpaca:1": {
    "accepted_suffix_mean": 4.533333333333333,
    "cache_committed_token_fraction": 0.9852941176470589,
    "cache_hit_mean": 0.9666666666666667,
    "throughput_tok_s": 50.50953688453293
  },
  "alpaca:110": {
    "accepted_suffix_mean": 2.63265306122449,
    "cache_committed_token_fraction": 0.9844961240310077,
    "cache_hit_mean": 0.9795918367346939,
    "throughput_tok_s": 53.7453229189575
  },
  "alpaca:135": {
    "accepted_suffix_mean": 3.909090909090909,
    "cache_committed_token_fraction": 0.9922480620155039,
    "cache_hit_mean": 0.9696969696969697,
    "throughput_tok_s": 77.6740086629242
  },
  "alpaca:155": {
    "accepted_suffix_mean": 2.723404255319149,
    "cache_committed_token_fraction": 0.9765625,
    "cache_hit_mean": 0.9787234042553191,
    "throughput_tok_s": 54.042793430195836
  },
  "alpaca:156": {
    "accepted_suffix_mean": 4.4,
    "cache_committed_token_fraction": 0.9696969696969697,
    "cache_hit_mean": 0.9666666666666667,
    "throughput_tok_s": 88.02776241188681
  },
  "alpaca:166": {
    "accepted_suffix_mean": 2.6122448979591835,
    "cache_committed_token_fraction": 0.984375,
    "cache_hit_mean": 0.9795918367346939,
    "throughput_tok_s": 54.501170500065136
  },
  "alpaca:172": {
    "accepted_suffix_mean": 3.5135135135135136,
    "cache_committed_token_fraction": 0.9923076923076923,
    "cache_hit_mean": 0.972972972972973,
    "throughput_tok_s": 74.03548932915741
  },
  "alpaca:182": {
    "accepted_suffix_mean": 2.723404255319149,
    "cache_committed_token_fraction": 0.9921875,
    "cache_hit_mean": 0.9787234042553191,
    "throughput_tok_s": 57.389452049833714
  },
  "alpaca:184": {
    "accepted_suffix_mean": 3.4210526315789473,
    "cache_committed_token_fraction": 0.9923076923076923,
    "cache_hit_mean": 0.9736842105263158,
    "throughput_tok_s": 71.9737678037281
  },
  "alpaca:186": {
    "accepted_suffix_mean": 3.3947368421052633,
    "cache_committed_token_fraction": 0.9922480620155039,
    "cache_hit_mean": 0.9736842105263158,
    "throughput_tok_s": 71.83491086363229
  },
  "alpaca:19": {
    "accepted_suffix_mean": 4.387096774193548,
    "cache_committed_token_fraction": 0.9779411764705882,
    "cache_hit_mean": 0.967741935483871,
    "throughput_tok_s": 80.71466558469389
  },
  "alpaca:191": {
    "accepted_suffix_mean": 2.8444444444444446,
    "cache_committed_token_fraction": 0.9765625,
    "cache_hit_mean": 0.9777777777777777,
    "throughput_tok_s": 60.161615279671864
  },
  "alpaca:199": {
    "accepted_suffix_mean": 2.58,
    "cache_committed_token_fraction": 0.9767441860465116,
    "cache_hit_mean": 0.98,
    "throughput_tok_s": 53.750885167222926
  },
  "alpaca:33": {
    "accepted_suffix_mean": 11,
    "cache_committed_token_fraction": 0.9848484848484849,
    "cache_hit_mean": 0.9166666666666666,
    "throughput_tok_s": 207.1817081229608
  },
  "alpaca:47": {
    "accepted_suffix_mean": 3.282051282051282,
    "cache_committed_token_fraction": 0.9921875,
    "cache_hit_mean": 0.9743589743589743,
    "throughput_tok_s": 62.307458531969914
  },
  "alpaca:48": {
    "accepted_suffix_mean": 2.851063829787234,
    "cache_committed_token_fraction": 0.9925373134328358,
    "cache_hit_mean": 0.9787234042553191,
    "throughput_tok_s": 56.14968044015772
  },
  "alpaca:5": {
    "accepted_suffix_mean": 3.657142857142857,
    "cache_committed_token_fraction": 0.984375,
    "cache_hit_mean": 0.9714285714285714,
    "throughput_tok_s": 43.2146573895755
  },
  "alpaca:54": {
    "accepted_suffix_mean": 4.7407407407407405,
    "cache_committed_token_fraction": 0.9921875,
    "cache_hit_mean": 0.9629629629629629,
    "throughput_tok_s": 93.33381001485995
  },
  "alpaca:95": {
    "accepted_suffix_mean": 2.62,
    "cache_committed_token_fraction": 0.9847328244274809,
    "cache_hit_mean": 0.98,
    "throughput_tok_s": 53.2111510359068
  },
  "gsm:105": {
    "accepted_suffix_mean": 4.413793103448276,
    "cache_committed_token_fraction": 0.9921875,
    "cache_hit_mean": 0.9655172413793104,
    "throughput_tok_s": 89.71851903895023
  },
  "gsm:106": {
    "accepted_suffix_mean": 4.888888888888889,
    "cache_committed_token_fraction": 0.9848484848484849,
    "cache_hit_mean": 0.9629629629629629,
    "throughput_tok_s": 99.14356076136525
  },
  "gsm:119": {
    "accepted_suffix_mean": 4.387096774193548,
    "cache_committed_token_fraction": 0.9926470588235294,
    "cache_hit_mean": 0.967741935483871,
    "throughput_tok_s": 87.50957888542028
  },
  "gsm:122": {
    "accepted_suffix_mean": 6.090909090909091,
    "cache_committed_token_fraction": 0.9925373134328358,
    "cache_hit_mean": 0.9545454545454546,
    "throughput_tok_s": 121.74804324270336
  },
  "gsm:138": {
    "accepted_suffix_mean": 4.0625,
    "cache_committed_token_fraction": 0.9923076923076923,
    "cache_hit_mean": 0.96875,
    "throughput_tok_s": 81.16889483213673
  },
  "gsm:142": {
    "accepted_suffix_mean": 4.129032258064516,
    "cache_committed_token_fraction": 0.9921875,
    "cache_hit_mean": 0.967741935483871,
    "throughput_tok_s": 82.66980909972125
  },
  "gsm:149": {
    "accepted_suffix_mean": 3.25,
    "cache_committed_token_fraction": 0.9846153846153847,
    "cache_hit_mean": 0.975,
    "throughput_tok_s": 64.64549683118346
  },
  "gsm:157": {
    "accepted_suffix_mean": 4.814814814814815,
    "cache_committed_token_fraction": 0.9692307692307692,
    "cache_hit_mean": 0.9629629629629629,
    "throughput_tok_s": 94.93530246831064
  },
  "gsm:158": {
    "accepted_suffix_mean": 4,
    "cache_committed_token_fraction": 0.9921875,
    "cache_hit_mean": 0.96875,
    "throughput_tok_s": 78.04736928471168
  },
  "gsm:178": {
    "accepted_suffix_mean": 5.6,
    "cache_committed_token_fraction": 0.9928571428571429,
    "cache_hit_mean": 0.96,
    "throughput_tok_s": 108.49283305412271
  },
  "gsm:187": {
    "accepted_suffix_mean": 4.620689655172414,
    "cache_committed_token_fraction": 0.9850746268656716,
    "cache_hit_mean": 0.9655172413793104,
    "throughput_tok_s": 90.32466118145581
  },
  "gsm:196": {
    "accepted_suffix_mean": 4.333333333333333,
    "cache_committed_token_fraction": 0.9923076923076923,
    "cache_hit_mean": 0.9666666666666667,
    "throughput_tok_s": 85.02192060192849
  },
  "gsm:198": {
    "accepted_suffix_mean": 4.7407407407407405,
    "cache_committed_token_fraction": 0.9921875,
    "cache_hit_mean": 0.9629629629629629,
    "throughput_tok_s": 91.60509706531732
  },
  "gsm:24": {
    "accepted_suffix_mean": 3,
    "cache_committed_token_fraction": 0.9922480620155039,
    "cache_hit_mean": 0.9767441860465116,
    "throughput_tok_s": 59.781584942382835
  },
  "gsm:3": {
    "accepted_suffix_mean": 5.076923076923077,
    "cache_committed_token_fraction": 0.9924242424242424,
    "cache_hit_mean": 0.9615384615384616,
    "throughput_tok_s": 103.56575154521724
  },
  "gsm:33": {
    "accepted_suffix_mean": 5.863636363636363,
    "cache_committed_token_fraction": 0.9922480620155039,
    "cache_hit_mean": 0.9545454545454546,
    "throughput_tok_s": 114.57660923439697
  },
  "gsm:39": {
    "accepted_suffix_mean": 5.269230769230769,
    "cache_committed_token_fraction": 0.9927007299270073,
    "cache_hit_mean": 0.9615384615384616,
    "throughput_tok_s": 104.94570526645107
  },
  "gsm:43": {
    "accepted_suffix_mean": 4.03125,
    "cache_committed_token_fraction": 0.9922480620155039,
    "cache_hit_mean": 0.96875,
    "throughput_tok_s": 81.40450989502453
  },
  "gsm:45": {
    "accepted_suffix_mean": 5.035714285714286,
    "cache_committed_token_fraction": 0.9929078014184397,
    "cache_hit_mean": 0.9642857142857143,
    "throughput_tok_s": 100.86381651983125
  },
  "gsm:46": {
    "accepted_suffix_mean": 3.3947368421052633,
    "cache_committed_token_fraction": 0.9922480620155039,
    "cache_hit_mean": 0.9736842105263158,
    "throughput_tok_s": 70.3685914315366
  },
  "gsm:65": {
    "accepted_suffix_mean": 3.764705882352941,
    "cache_committed_token_fraction": 0.984375,