{
  "accepted_suffix_mean": 4.035185925629748,
  "actual_frontier_rank_distribution": {
    "0": 2501
  },
  "batch_size": 2,
  "cache_committed_token_fraction": 0.9832540626238605,
  "cache_hit_mean": 0.9692123150739704,
  "ddtree_step_ms": 8.657672570396477,
  "frontier_candidate_count_mean": 2.0,
  "frontier_count": 2,
  "hit_cycle_latency_ms": 49.45004820313056,
  "hit_only_accepted_suffix_mean": 4.093646864686469,
  "mean_cycle_latency_ms": 50.41887666290921,
  "miss_cycle_latency_ms": 80.91809986425298,
  "miss_only_accepted_suffix_mean": 2.1948051948051948,
  "mode": "ddtree_ssd_exact_on_oracle",
  "num_prompts": 77,
  "prompt_group_summary": {
    "accepted_suffix_mean": {
      "mean": 4.726098724175803,
      "stderr": 0.23701449836616906
    },
    "cache_committed_token_fraction": {
      "mean": 0.9833089219755209,
      "stderr": 0.0013620135883071738
    },
    "cache_hit_mean": {
      "mean": 0.9640658316117721,
      "stderr": 0.001770166910756357
    },
    "throughput_tok_s": {
      "mean": 92.54185908063894,
      "stderr": 4.40405273211098
    }
  },
  "target_verify_ms": 33.10854276866397,
  "throughput_tok_s": 152.73454983966377,
  "tree_budget": 16,
  "tree_build_ms": 5.629192900108122,
  "tree_compile_ms": 4.240688225239715,
  "tree_node_count_mean": 16.0,
  "verified_node_count_mean": null
}