{
  "accepted_suffix_mean": 2.912359550561798,
  "accepted_suffix_mean_on_hit": 2.9003690036900367,
  "accepted_suffix_mean_on_miss": 3.038961038961039,
  "batch_size": 16,
  "cache_committed_token_fraction": 0.9097222222222222,
  "cache_hit_mean": 0.9134831460674158,
  "draft_service_ms": 22.28918059943558,
  "fanout_template_name": "baseline48",
  "fraction_accepted": 0.3187265917602996,
  "k": 6,
  "mean_cycle_latency_ms": 50.81734125178014,
  "miss_rate": 0.08651685393258424,
  "mode": "ar_async_exact_on_oracle",
  "num_branches_generated_mean": 1,
  "num_prompts": 77,
  "post_verify_feedback_ms": 1.3435668068718207,
  "prompt_group_summary": {
    "accepted_suffix_mean": {
      "mean": 3.3127824525946576,
      "stderr": 0.13380866589355742
    },
    "cache_committed_token_fraction": {
      "mean": 0.9099372240402457,
      "stderr": 0.007264416333884329
    },
    "cache_hit_mean": {
      "mean": 0.9021255034274474,
      "stderr": 0.003720361357402501
    },
    "draft_service_ms": {
      "mean": 24.284074483527665,
      "stderr": 1.6450689643719545
    },
    "mean_cycle_latency_ms": {
      "mean": 53.01649354032628,
      "stderr": 1.849831475027188
    },
    "post_verify_feedback_ms": {
      "mean": 1.3836682143616208,
      "stderr": 0.02139184354866273
    },
    "target_verify_ms": {
      "mean": 7.935236240357415,
      "stderr": 0.19801572515157112
    },
    "throughput_tok_s": {
      "mean": 64.8522523111185,
      "stderr": 2.6396471745697347
    }
  },
  "target_verify_ms": 7.743332035096593,
  "throughput_tok_s": 328.23962010418194
}