{
  "alpaca:1": {
    "accepted_suffix_mean": 4.533333333333333,
    "cache_committed_token_fraction": 0.9852941176470589,
    "cache_hit_mean": 0.9666666666666667,
    "throughput_tok_s": 44.82001338746058
  },
  "alpaca:110": {
    "accepted_suffix_mean": 2.63265306122449,
    "cache_committed_token_fraction": 0.9844961240310077,
    "cache_hit_mean": 0.9795918367346939,
    "throughput_tok_s": 50.700491881477845
  },
  "alpaca:135": {
    "accepted_suffix_mean": 3.909090909090909,
    "cache_committed_token_fraction": 0.9922480620155039,
    "cache_hit_mean": 0.9696969696969697,
    "throughput_tok_s": 58.061226379063726
  },
  "alpaca:155": {
    "accepted_suffix_mean": 2.723404255319149,
    "cache_committed_token_fraction": 0.9765625,
    "cache_hit_mean": 0.9787234042553191,
    "throughput_tok_s": 29.525507883259756
  },
  "alpaca:156": {
    "accepted_suffix_mean": 4.4,
    "cache_committed_token_fraction": 0.9696969696969697,
    "cache_hit_mean": 0.9666666666666667,
    "throughput_tok_s": 21.321405088797146
  },
  "alpaca:166": {
    "accepted_suffix_mean": 2.6122448979591835,
    "cache_committed_token_fraction": 0.984375,
    "cache_hit_mean": 0.9795918367346939,
    "throughput_tok_s": 6.233358694330358
  },
  "alpaca:172": {
    "accepted_suffix_mean": 3.5135135135135136,
    "cache_committed_token_fraction": 0.9923076923076923,
    "cache_hit_mean": 0.972972972972973,
    "throughput_tok_s": 7.792388830159946
  },
  "alpaca:182": {
    "accepted_suffix_mean": 2.723404255319149,
    "cache_committed_token_fraction": 0.9921875,
    "cache_hit_mean": 0.9787234042553191,
    "throughput_tok_s": 6.203575267555733
  },
  "alpaca:184": {
    "accepted_suffix_mean": 3.4210526315789473,
    "cache_committed_token_fraction": 0.9923076923076923,
    "cache_hit_mean": 0.9736842105263158,
    "throughput_tok_s": 7.627352887956887
  },
  "alpaca:186": {
    "accepted_suffix_mean": 3.3947368421052633,
    "cache_committed_token_fraction": 0.9922480620155039,
    "cache_hit_mean": 0.9736842105263158,
    "throughput_tok_s": 7.466002499653164
  },
  "alpaca:19": {
    "accepted_suffix_mean": 4.387096774193548,
    "cache_committed_token_fraction": 0.9779411764705882,
    "cache_hit_mean": 0.967741935483871,
    "throughput_tok_s": 69.35041722895598
  },
  "alpaca:191": {
    "accepted_suffix_mean": 2.8444444444444446,
    "cache_committed_token_fraction": 0.9765625,
    "cache_hit_mean": 0.9777777777777777,
    "throughput_tok_s": 6.318323958839631
  },
  "alpaca:199": {
    "accepted_suffix_mean": 2.58,
    "cache_committed_token_fraction": 0.9767441860465116,
    "cache_hit_mean": 0.98,
    "throughput_tok_s": 5.718519019872984
  },
  "alpaca:33": {
    "accepted_suffix_mean": 11,
    "cache_committed_token_fraction": 0.9848484848484849,
    "cache_hit_mean": 0.9166666666666666,
    "throughput_tok_s": 146.52850893845945
  },
  "alpaca:47": {
    "accepted_suffix_mean": 3.282051282051282,
    "cache_committed_token_fraction": 0.9921875,
    "cache_hit_mean": 0.9743589743589743,
    "throughput_tok_s": 61.01287279703909
  },
  "alpaca:48": {
    "accepted_suffix_mean": 2.851063829787234,
    "cache_committed_token_fraction": 0.9925373134328358,
    "cache_hit_mean": 0.9787234042553191,
    "throughput_tok_s": 54.074068482886446
  },
  "alpaca:5": {
    "accepted_suffix_mean": 3.657142857142857,
    "cache_committed_token_fraction": 0.984375,
    "cache_hit_mean": 0.9714285714285714,
    "throughput_tok_s": 38.44020885860876
  },
  "alpaca:54": {
    "accepted_suffix_mean": 4.7407407407407405,
    "cache_committed_token_fraction": 0.9921875,
    "cache_hit_mean": 0.9629629629629629,
    "throughput_tok_s": 91.15362763997818
  },
  "alpaca:95": {
    "accepted_suffix_mean": 2.62,
    "cache_committed_token_fraction": 0.9847328244274809,
    "cache_hit_mean": 0.98,
    "throughput_tok_s": 50.816479089866355
  },
  "gsm:105": {
    "accepted_suffix_mean": 4.413793103448276,
    "cache_committed_token_fraction": 0.9921875,
    "cache_hit_mean": 0.9655172413793104,
    "throughput_tok_s": 89.2017872547512
  },
  "gsm:106": {
    "accepted_suffix_mean": 4.888888888888889,
    "cache_committed_token_fraction": 0.9848484848484849,
    "cache_hit_mean": 0.9629629629629629,
    "throughput_tok_s": 98.73108200667525
  },
  "gsm:119": {
    "accepted_suffix_mean": 4.387096774193548,
    "cache_committed_token_fraction": 0.9926470588235294,
    "cache_hit_mean": 0.967741935483871,
    "throughput_tok_s": 84.51462993559149
  },
  "gsm:122": {
    "accepted_suffix_mean": 6.090909090909091,
    "cache_committed_token_fraction": 0.9925373134328358,
    "cache_hit_mean": 0.9545454545454546,
    "throughput_tok_s": 116.71791899183239
  },
  "gsm:138": {
    "accepted_suffix_mean": 4.0625,
    "cache_committed_token_fraction": 0.9923076923076923,
    "cache_hit_mean": 0.96875,
    "throughput_tok_s": 79.14959725553756
  },
  "gsm:142": {
    "accepted_suffix_mean": 4.129032258064516,
    "cache_committed_token_fraction": 0.9921875,
    "cache_hit_mean": 0.967741935483871,
    "throughput_tok_s": 81.64338843009565
  },
  "gsm:149": {
    "accepted_suffix_mean": 3.25,
    "cache_committed_token_fraction": 0.9846153846153847,
    "cache_hit_mean": 0.975,
    "throughput_tok_s": 66.3529844150705
  },
  "gsm:157": {
    "accepted_suffix_mean": 4.814814814814815,
    "cache_committed_token_fraction": 0.9692307692307692,
    "cache_hit_mean": 0.9629629629629629,
    "throughput_tok_s": 98.42451520244995
  },
  "gsm:158": {
    "accepted_suffix_mean": 4,
    "cache_committed_token_fraction": 0.9921875,
    "cache_hit_mean": 0.96875,
    "throughput_tok_s": 78.46891192546207
  },
  "gsm:178": {
    "accepted_suffix_mean": 5.6,
    "cache_committed_token_fraction": 0.9928571428571429,
    "cache_hit_mean": 0.96,
    "throughput_tok_s": 110.2720423324511
  },
  "gsm:187": {
    "accepted_suffix_mean": 4.620689655172414,
    "cache_committed_token_fraction": 0.9850746268656716,
    "cache_hit_mean": 0.9655172413793104,
    "throughput_tok_s": 90.58986348235634
  },
  "gsm:196": {
    "accepted_suffix_mean": 4.333333333333333,
    "cache_committed_token_fraction": 0.9923076923076923,
    "cache_hit_mean": 0.9666666666666667,
    "throughput_tok_s": 85.12872559667053
  },
  "gsm:198": {
    "accepted_suffix_mean": 4.7407407407407405,
    "cache_committed_token_fraction": 0.9921875,
    "cache_hit_mean": 0.9629629629629629,
    "throughput_tok_s": 92.05381709598964
  },
  "gsm:24": {
    "accepted_suffix_mean": 3,
    "cache_committed_token_fraction": 0.9922480620155039,
    "cache_hit_mean": 0.9767441860465116,
    "throughput_tok_s": 6.02289924283004
  },
  "gsm:3": {
    "accepted_suffix_mean": 5.076923076923077,
    "cache_committed_token_fraction": 0.9924242424242424,
    "cache_hit_mean": 0.9615384615384616,
    "throughput_tok_s": 10.308174361483127
  },
  "gsm:33": {
    "accepted_suffix_mean": 5.863636363636363,
    "cache_committed_token_fraction": 0.9922480620155039,
    "cache_hit_mean": 0.9545454545454546,
    "throughput_tok_s": 10.904787931598852
  },
  "gsm:39": {
    "accepted_suffix_mean": 5.269230769230769,
    "cache_committed_token_fraction": 0.9927007299270073,
    "cache_hit_mean": 0.9615384615384616,
    "throughput_tok_s": 10.293279909556135
  },
  "gsm:43": {
    "accepted_suffix_mean": 4.03125,
    "cache_committed_token_fraction": 0.9922480620155039,
    "cache_hit_mean": 0.96875,
    "throughput_tok_s": 7.500375826191527
  },
  "gsm:45": {
    "accepted_suffix_mean": 5.035714285714286,
    "cache_committed_token_fraction": 0.9929078014184397,
    "cache_hit_mean": 0.9642857142857143,
    "throughput_tok_s": 8.865283192591624
  },
  "gsm:46": {
    "accepted_suffix_mean": 3.3947368421052633,
    "cache_committed_token_fraction": 0.9922480620155039,
    "cache_hit_mean": 0.9736842105263158,
    "throughput_tok_s": 7.856860066204311
  },
  "gsm:65": {
    "accepted_suffix_mean": 3.764705882352941,
    "cache_committed_token_fraction": 0.984375,