{
  "accepted_suffix_mean": 4.035185925629748,
  "actual_frontier_rank_distribution": {
    "0": 2501
  },
  "batch_size": 2,
  "cache_committed_token_fraction": 0.9832540626238605,
  "cache_hit_mean": 0.9692123150739704,
  "ddtree_step_ms": 7.908540108037529,
  "frontier_candidate_count_mean": 1.0,
  "frontier_count": 1,
  "hit_cycle_latency_ms": 145.33476323139448,
  "hit_only_accepted_suffix_mean": 4.093646864686469,
  "mean_cycle_latency_ms": 145.4579378702588,
  "miss_cycle_latency_ms": 149.3355394885331,
  "miss_only_accepted_suffix_mean": 2.1948051948051948,
  "mode": "ddtree_ssd_exact_on_oracle",
  "num_prompts": 77,
  "prompt_group_summary": {
    "accepted_suffix_mean": {
      "mean": 4.726098724175803,
      "stderr": 0.23701449836616906
    },
    "cache_committed_token_fraction": {
      "mean": 0.9833089219755209,
      "stderr": 0.0013620135883071738
    },
    "cache_hit_mean": {
      "mean": 0.9640658316117721,
      "stderr": 0.001770166910756357
    },
    "throughput_tok_s": {
      "mean": 75.96084644100753,
      "stderr": 5.693744393752204
    }
  },
  "target_verify_ms": 109.37873047395024,
  "throughput_tok_s": 53.72054737867131,
  "tree_budget": 16,
  "tree_build_ms": 5.498828959593221,
  "tree_compile_ms": 70.00709028882228,
  "tree_node_count_mean": 16.0,
  "verified_node_count_mean": null
}