{
  "alpaca:1": {
    "accepted_suffix_mean": 2.4615384615384617,
    "cache_committed_token_fraction": 0.0,
    "cache_hit_mean": 0.0,
    "throughput_tok_s": 0.3524972356436098
  },
  "alpaca:110": {
    "accepted_suffix_mean": 2.357142857142857,
    "cache_committed_token_fraction": 0.0,
    "cache_hit_mean": 0.0,
    "throughput_tok_s": 0.3354626715894672
  },
  "alpaca:135": {
    "accepted_suffix_mean": 3.6666666666666665,
    "cache_committed_token_fraction": 0.0,
    "cache_hit_mean": 0.0,
    "throughput_tok_s": 0.5299749780876511
  },
  "alpaca:155": {
    "accepted_suffix_mean": 1.9444444444444444,
    "cache_committed_token_fraction": 0.0,
    "cache_hit_mean": 0.0,
    "throughput_tok_s": 0.2663154221736139
  },
  "alpaca:156": {
    "accepted_suffix_mean": 3.7,
    "cache_committed_token_fraction": 0.0,
    "cache_hit_mean": 0.0,
    "throughput_tok_s": 0.5330572596566568
  },
  "alpaca:166": {
    "accepted_suffix_mean": 2.357142857142857,
    "cache_committed_token_fraction": 0.0,
    "cache_hit_mean": 0.0,
    "throughput_tok_s": 0.3354626715894672
  },
  "alpaca:172": {
    "accepted_suffix_mean": 2.176470588235294,
    "cache_committed_token_fraction": 0.0,
    "cache_hit_mean": 0.0,
    "throughput_tok_s": 0.30021063713534085
  },
  "alpaca:182": {
    "accepted_suffix_mean": 2.125,
    "cache_committed_token_fraction": 0.0,
    "cache_hit_mean": 0.0,
    "throughput_tok_s": 0.2962410859635519
  },
  "alpaca:184": {
    "accepted_suffix_mean": 2.6666666666666665,
    "cache_committed_token_fraction": 0.0,
    "cache_hit_mean": 0.0,
    "throughput_tok_s": 0.3828265457022997
  },
  "alpaca:186": {
    "accepted_suffix_mean": 2.5714285714285716,
    "cache_committed_token_fraction": 0.0,
    "cache_hit_mean": 0.0,
    "throughput_tok_s": 0.36595927809760054
  },
  "alpaca:19": {
    "accepted_suffix_mean": 2.4615384615384617,
    "cache_committed_token_fraction": 0.0,
    "cache_hit_mean": 0.0,
    "throughput_tok_s": 0.3524972356436098
  },
  "alpaca:191": {
    "accepted_suffix_mean": 2.6666666666666665,
    "cache_committed_token_fraction": 0.0,
    "cache_hit_mean": 0.0,
    "throughput_tok_s": 0.3828265457022997
  },
  "alpaca:199": {
    "accepted_suffix_mean": 2.1333333333333333,
    "cache_committed_token_fraction": 0.0,
    "cache_hit_mean": 0.0,
    "throughput_tok_s": 0.3009204712288174
  },
  "alpaca:33": {
    "accepted_suffix_mean": 4.714285714285714,
    "cache_committed_token_fraction": 0.0,
    "cache_hit_mean": 0.0,
    "throughput_tok_s": 0.6813101375360688
  },
  "alpaca:47": {
    "accepted_suffix_mean": 2.6666666666666665,
    "cache_committed_token_fraction": 0.0,
    "cache_hit_mean": 0.0,
    "throughput_tok_s": 0.3828265457022997
  },
  "alpaca:48": {
    "accepted_suffix_mean": 2,
    "cache_committed_token_fraction": 0.0,
    "cache_hit_mean": 0.0,
    "throughput_tok_s": 0.2788151397304018
  },
  "alpaca:5": {
    "accepted_suffix_mean": 3,
    "cache_committed_token_fraction": 0.0,
    "cache_hit_mean": 0.0,
    "throughput_tok_s": 0.43067986391508717
  },
  "alpaca:54": {
    "accepted_suffix_mean": 3.090909090909091,
    "cache_committed_token_fraction": 0.0,
    "cache_hit_mean": 0.0,
    "throughput_tok_s": 0.44506722172643454
  },
  "alpaca:95": {
    "accepted_suffix_mean": 2,
    "cache_committed_token_fraction": 0.0,
    "cache_hit_mean": 0.0,
    "throughput_tok_s": 0.2788151397304018
  },
  "gsm:105": {
    "accepted_suffix_mean": 2.8333333333333335,
    "cache_committed_token_fraction": 0.0,
    "cache_hit_mean": 0.0,
    "throughput_tok_s": 0.4067532048086934
  },
  "gsm:106": {
    "accepted_suffix_mean": 4,
    "cache_committed_token_fraction": 0.0,
    "cache_hit_mean": 0.0,
    "throughput_tok_s": 0.5781545215501649
  },
  "gsm:119": {
    "accepted_suffix_mean": 3.6,
    "cache_committed_token_fraction": 0.0,
    "cache_hit_mean": 0.0,
    "throughput_tok_s": 0.5186503066929634
  },
  "gsm:122": {
    "accepted_suffix_mean": 4.125,
    "cache_committed_token_fraction": 0.0,
    "cache_hit_mean": 0.0,
    "throughput_tok_s": 0.5699058831558373
  },
  "gsm:138": {
    "accepted_suffix_mean": 3.090909090909091,
    "cache_committed_token_fraction": 0.0,
    "cache_hit_mean": 0.0,
    "throughput_tok_s": 0.40047774579556794
  },
  "gsm:142": {
    "accepted_suffix_mean": 2.8333333333333335,
    "cache_committed_token_fraction": 0.0,
    "cache_hit_mean": 0.0,
    "throughput_tok_s": 0.3675836083726733
  },
  "gsm:149": {
    "accepted_suffix_mean": 2.5714285714285716,
    "cache_committed_token_fraction": 0.0,
    "cache_hit_mean": 0.0,
    "throughput_tok_s": 0.36619882885656524
  },
  "gsm:157": {
    "accepted_suffix_mean": 4,
    "cache_committed_token_fraction": 0.0,
    "cache_hit_mean": 0.0,
    "throughput_tok_s": 0.51602768763467
  },
  "gsm:158": {
    "accepted_suffix_mean": 2.909090909090909,
    "cache_committed_token_fraction": 0.0,
    "cache_hit_mean": 0.0,
    "throughput_tok_s": 0.3749174405289236
  },
  "gsm:178": {
    "accepted_suffix_mean": 3.3,
    "cache_committed_token_fraction": 0.0,
    "cache_hit_mean": 0.0,
    "throughput_tok_s": 0.4244113101790055
  },
  "gsm:187": {
    "accepted_suffix_mean": 3.7777777777777777,
    "cache_committed_token_fraction": 0.0,
    "cache_hit_mean": 0.0,
    "throughput_tok_s": 0.48593356654236775
  },
  "gsm:196": {
    "accepted_suffix_mean": 3.5,
    "cache_committed_token_fraction": 0.0,
    "cache_hit_mean": 0.0,
    "throughput_tok_s": 0.44659889636558736
  },
  "gsm:198": {
    "accepted_suffix_mean": 3.2,
    "cache_committed_token_fraction": 0.0,
    "cache_hit_mean": 0.0,
    "throughput_tok_s": 0.4083189909628227
  },
  "gsm:24": {
    "accepted_suffix_mean": 1.8823529411764706,
    "cache_committed_token_fraction": 0.0,
    "cache_hit_mean": 0.0,
    "throughput_tok_s": 0.25964163211705155
  },
  "gsm:3": {
    "accepted_suffix_mean": 3.5,
    "cache_committed_token_fraction": 0.0,
    "cache_hit_mean": 0.0,
    "throughput_tok_s": 0.50424335372927
  },
  "gsm:33": {
    "accepted_suffix_mean": 3.5,
    "cache_committed_token_fraction": 0.0,
    "cache_hit_mean": 0.0,
    "throughput_tok_s": 0.50424335372927
  },
  "gsm:39": {
    "accepted_suffix_mean": 3.090909090909091,
    "cache_committed_token_fraction": 0.0,
    "cache_hit_mean": 0.0,
    "throughput_tok_s": 0.44506722172643454
  },
  "gsm:43": {
    "accepted_suffix_mean": 2.5384615384615383,
    "cache_committed_token_fraction": 0.0,
    "cache_hit_mean": 0.0,
    "throughput_tok_s": 0.36351277425747264
  },
  "gsm:45": {
    "accepted_suffix_mean": 2.9166666666666665,
    "cache_committed_token_fraction": 0.0,
    "cache_hit_mean": 0.0,
    "throughput_tok_s": 0.41871653436189027
  },
  "gsm:46": {
    "accepted_suffix_mean": 3.9,
    "cache_committed_token_fraction": 0.0,
    "cache_hit_mean": 0.0,
    "throughput_tok_s": 0.5618711655840437
  },
  "gsm:65": {
    "accepted_suffix_mean": 2.6153846153846154,
    "cache_committed_token_fraction": 0.0,
    "cache_hit_mean": 0.0,
    "throughput_tok_s": 0.3745283128713354
  },
  "gsm:69": {
    "accepted_suffix_mean": 3.090909090909091,
    "cache_committed_token_fraction": 0.0,
    "cache_hit_mean": 0.0,
    "throughput_tok_s": 0.44506722172643454
  },
  "gsm:94": {
    "accepted_suffix_mean": 3,
    "cache_committed_token_fraction": 0.0,
    "cache_hit_mean": 0.0,
    "throughput_tok_s": 0.4319770093227159
  },
  "humaneval:105": {
    "accepted_suffix_mean": 4.875,
    "cache_committed_token_fraction": 0.0,
    "cache_hit_mean": 0.0,
    "throughput_tok_s": 0.6345350111409446
  },
  "humaneval:110": {
    "accepted_suffix_mean": 5.571428571428571,
    "cache_committed_token_fraction": 0.0,
    "cache_hit_mean": 0.0,
    "throughput_tok_s": 0.7290599777224125
  },
  "humaneval:125": {
    "accepted_suffix_mean": 6,
    "cache_committed_token_fraction": 0.0,
    "cache_hit_mean": 0.0,
    "throughput_tok_s": 0.7434535050304467
  },
  "humaneval:138": {
    "accepted_suffix_mean": 4.571428571428571,