{
  "accepted_length_support_rate": 0.8588235294117647,
  "accepted_suffix_mean": 2.603921568627451,
  "accepted_suffix_mean_on_hit": 1.6116504854368932,
  "accepted_suffix_mean_on_miss": 2.7153762268266086,
  "batch_size": 4,
  "cache_committed_token_fraction": 0.0625,
  "cache_hit_mean": 0.10098039215686275,
  "cache_lookup_ms": 0.17958398196188843,
  "dflash_step_ms": 73.26748195731085,
  "fallback_rate": 0.8990196078431373,
  "fanout_template_name": "top4x4",
  "fraction_accepted": 0.1069281045751634,
  "hit_cycle_latency_ms": 126.22782738553812,
  "hit_only_accepted_suffix_mean": 1.6116504854368932,
  "joint_branch_recall": 0.10588235294117647,
  "mean_cycle_latency_ms": 151.0179692128326,
  "miss_cycle_latency_ms": 153.80246714981337,
  "miss_only_accepted_suffix_mean": 2.7153762268266086,
  "miss_rate": 0.8990196078431373,
  "mode": "dflash_ssd_predicted_on_normal",
  "num_branches_generated_mean": 16,
  "num_prompts": 77,
  "predictor_ms": 1.86994965205911,
  "prompt_group_summary": {
    "accepted_length_support_rate": {
      "mean": 0.7758464758183307,
      "stderr": 0.025657442643163317
    },
    "accepted_suffix_mean": {
      "mean": 3.3882329717998947,
      "stderr": 0.2413856517624958
    },
    "cache_committed_token_fraction": {
      "mean": 0.06336372102575713,
      "stderr": 0.008172082744621452
    },
    "cache_hit_mean": {
      "mean": 0.09489488403945699,
      "stderr": 0.009575204478956217
    },
    "dflash_ms": {
      "mean": 77.48623337130886,
      "stderr": 2.5276689676721085
    },
    "hit_only_accepted_suffix_mean": {
      "mean": 1.8584905660377358,
      "stderr": 0.27978858569526216
    },
    "joint_branch_recall": {
      "mean": 0.09916045973360411,
      "stderr": 0.010030541600718704
    },
    "mean_cycle_latency_ms": {
      "mean": 159.4423875091411,
      "stderr": 14.649241106097868
    },
    "miss_only_accepted_suffix_mean": {
      "mean": 3.5063045369049353,
      "stderr": 0.24587048940364928
    },
    "miss_rate": {
      "mean": 0.9051051159605431,
      "stderr": 0.009575204478956219
    },
    "predictor_ms": {
      "mean": 1.9556660999263562,
      "stderr": 0.0633885899915883
    },
    "recovery_recall_given_supported_accept": {
      "mean": 0.12574032780356104,
      "stderr": 0.014427216266780285
    },
    "target_verify_ms": {
      "mean": 53.876050006436046,
      "stderr": 11.692436286680053
    },
    "throughput_tok_s": {
      "mean": 24.795827144857057,
      "stderr": 1.9124911710725279
    }
  },
  "recovery_entropy_at_actual_accept_mean": 2.681749422587745,
  "recovery_recall_given_supported_accept": 0.1232876712328767,
  "recovery_top1_margin_at_actual_accept_mean": 0.38556253988040134,
  "target_verify_ms": 48.26569119326685,
  "throughput_tok_s": 61.5293471292223,
  "transport_ms": 0.4721939454183859,
  "true_branch_rank_distribution": {
    "0": 13,
    "1": 18,
    "2": 21,
    "3": 10,
    "5": 8,
    "6": 8,
    "7": 3,
    "8": 1,
    "9": 2,
    "10": 2,
    "11": 6,
    "13": 3,
    "14": 2,
    "15": 6
  }
}