{
  "alpaca:1": {
    "accepted_suffix_mean": 2.4615384615384617,
    "cache_committed_token_fraction": 0.9375,
    "cache_hit_mean": 0.9230769230769231,
    "throughput_tok_s": 16.223158176809324
  },
  "alpaca:110": {
    "accepted_suffix_mean": 2.357142857142857,
    "cache_committed_token_fraction": 0.9393939393939394,
    "cache_hit_mean": 0.9285714285714286,
    "throughput_tok_s": 35.20652346845527
  },
  "alpaca:135": {
    "accepted_suffix_mean": 3.6666666666666665,
    "cache_committed_token_fraction": 0.9696969696969697,
    "cache_hit_mean": 0.8888888888888888,
    "throughput_tok_s": 56.14970782967269
  },
  "alpaca:155": {
    "accepted_suffix_mean": 2.0588235294117645,
    "cache_committed_token_fraction": 0.9142857142857143,
    "cache_hit_mean": 0.9411764705882353,
    "throughput_tok_s": 31.84802261863302
  },
  "alpaca:156": {
    "accepted_suffix_mean": 3.7,
    "cache_committed_token_fraction": 0.918918918918919,
    "cache_hit_mean": 0.9,
    "throughput_tok_s": 59.378504574497434
  },
  "alpaca:166": {
    "accepted_suffix_mean": 2.357142857142857,
    "cache_committed_token_fraction": 0.9393939393939394,
    "cache_hit_mean": 0.9285714285714286,
    "throughput_tok_s": 37.16874601083301
  },
  "alpaca:172": {
    "accepted_suffix_mean": 2.176470588235294,
    "cache_committed_token_fraction": 0.972972972972973,
    "cache_hit_mean": 0.9411764705882353,
    "throughput_tok_s": 34.57857120722778
  },
  "alpaca:182": {
    "accepted_suffix_mean": 2.125,
    "cache_committed_token_fraction": 0.9705882352941176,
    "cache_hit_mean": 0.9375,
    "throughput_tok_s": 33.50886402573794
  },
  "alpaca:184": {
    "accepted_suffix_mean": 2.6666666666666665,
    "cache_committed_token_fraction": 0.96875,
    "cache_hit_mean": 0.9166666666666666,
    "throughput_tok_s": 43.21353287412891
  },
  "alpaca:186": {
    "accepted_suffix_mean": 2.5,
    "cache_committed_token_fraction": 0.9714285714285714,
    "cache_hit_mean": 0.9285714285714286,
    "throughput_tok_s": 40.42251589071014
  },
  "alpaca:19": {
    "accepted_suffix_mean": 2.6666666666666665,
    "cache_committed_token_fraction": 0.9375,
    "cache_hit_mean": 0.9166666666666666,
    "throughput_tok_s": 16.865800874695832
  },
  "alpaca:191": {
    "accepted_suffix_mean": 2.6666666666666665,
    "cache_committed_token_fraction": 0.90625,
    "cache_hit_mean": 0.9166666666666666,
    "throughput_tok_s": 41.61749215894239
  },
  "alpaca:199": {
    "accepted_suffix_mean": 2.1333333333333333,
    "cache_committed_token_fraction": 0.9375,
    "cache_hit_mean": 0.9333333333333333,
    "throughput_tok_s": 30.06313423768278
  },
  "alpaca:33": {
    "accepted_suffix_mean": 4.714285714285714,
    "cache_committed_token_fraction": 0.9393939393939394,
    "cache_hit_mean": 0.8571428571428571,
    "throughput_tok_s": 21.54936940476734
  },
  "alpaca:47": {
    "accepted_suffix_mean": 2.6666666666666665,
    "cache_committed_token_fraction": 0.96875,
    "cache_hit_mean": 0.9166666666666666,
    "throughput_tok_s": 39.47637071017871
  },
  "alpaca:48": {
    "accepted_suffix_mean": 2,
    "cache_committed_token_fraction": 0.96875,
    "cache_hit_mean": 0.9375,
    "throughput_tok_s": 30.597235968514724
  },
  "alpaca:5": {
    "accepted_suffix_mean": 3,
    "cache_committed_token_fraction": 0.9444444444444444,
    "cache_hit_mean": 0.9166666666666666,
    "throughput_tok_s": 18.974025984032814
  },
  "alpaca:54": {
    "accepted_suffix_mean": 3.090909090909091,
    "cache_committed_token_fraction": 0.9705882352941176,
    "cache_hit_mean": 0.9090909090909091,
    "throughput_tok_s": 46.50864942952968
  },
  "alpaca:95": {
    "accepted_suffix_mean": 2,
    "cache_committed_token_fraction": 0.9375,
    "cache_hit_mean": 0.9375,
    "throughput_tok_s": 30.674263772822357
  },
  "gsm:105": {
    "accepted_suffix_mean": 2.8333333333333335,
    "cache_committed_token_fraction": 0.9705882352941176,
    "cache_hit_mean": 0.9166666666666666,
    "throughput_tok_s": 41.86448884288026
  },
  "gsm:106": {
    "accepted_suffix_mean": 4,
    "cache_committed_token_fraction": 0.9444444444444444,
    "cache_hit_mean": 0.8888888888888888,
    "throughput_tok_s": 60.56696065048123
  },
  "gsm:119": {
    "accepted_suffix_mean": 3.6,
    "cache_committed_token_fraction": 0.9722222222222222,
    "cache_hit_mean": 0.9,
    "throughput_tok_s": 56.295166595050404
  },
  "gsm:122": {
    "accepted_suffix_mean": 4.125,
    "cache_committed_token_fraction": 0.9696969696969697,
    "cache_hit_mean": 0.875,
    "throughput_tok_s": 64.69038660549666
  },
  "gsm:138": {
    "accepted_suffix_mean": 3.090909090909091,
    "cache_committed_token_fraction": 0.9705882352941176,
    "cache_hit_mean": 0.9090909090909091,
    "throughput_tok_s": 48.92936779612752
  },
  "gsm:142": {
    "accepted_suffix_mean": 2.75,
    "cache_committed_token_fraction": 0.9696969696969697,
    "cache_hit_mean": 0.9166666666666666,
    "throughput_tok_s": 44.3789015495188
  },
  "gsm:149": {
    "accepted_suffix_mean": 2.5714285714285716,
    "cache_committed_token_fraction": 0.9444444444444444,
    "cache_hit_mean": 0.9285714285714286,
    "throughput_tok_s": 40.69430882759815
  },
  "gsm:157": {
    "accepted_suffix_mean": 4,
    "cache_committed_token_fraction": 0.90625,
    "cache_hit_mean": 0.875,
    "throughput_tok_s": 65.1499013288604
  },
  "gsm:158": {
    "accepted_suffix_mean": 2.909090909090909,
    "cache_committed_token_fraction": 0.96875,
    "cache_hit_mean": 0.9090909090909091,
    "throughput_tok_s": 45.54010855488673
  },
  "gsm:178": {
    "accepted_suffix_mean": 3.3,
    "cache_committed_token_fraction": 0.9696969696969697,
    "cache_hit_mean": 0.9,
    "throughput_tok_s": 50.43484753069386
  },
  "gsm:187": {
    "accepted_suffix_mean": 3.7777777777777777,
    "cache_committed_token_fraction": 0.9411764705882353,
    "cache_hit_mean": 0.8888888888888888,
    "throughput_tok_s": 58.452562901675975
  },
  "gsm:196": {
    "accepted_suffix_mean": 3.5,
    "cache_committed_token_fraction": 0.9714285714285714,
    "cache_hit_mean": 0.9,
    "throughput_tok_s": 53.97238808687605
  },
  "gsm:198": {
    "accepted_suffix_mean": 3.2,
    "cache_committed_token_fraction": 0.96875,
    "cache_hit_mean": 0.9,
    "throughput_tok_s": 44.354194161357306
  },
  "gsm:24": {
    "accepted_suffix_mean": 1.8823529411764706,
    "cache_committed_token_fraction": 0.96875,
    "cache_hit_mean": 0.9411764705882353,
    "throughput_tok_s": 24.73665428414309
  },
  "gsm:3": {
    "accepted_suffix_mean": 3.5,
    "cache_committed_token_fraction": 0.9714285714285714,
    "cache_hit_mean": 0.9,
    "throughput_tok_s": 50.89760767497386
  },
  "gsm:33": {
    "accepted_suffix_mean": 3.5,
    "cache_committed_token_fraction": 0.9714285714285714,
    "cache_hit_mean": 0.9,
    "throughput_tok_s": 46.88587998735909
  },
  "gsm:39": {
    "accepted_suffix_mean": 3.090909090909091,
    "cache_committed_token_fraction": 0.9705882352941176,
    "cache_hit_mean": 0.9090909090909091,
    "throughput_tok_s": 39.182582433452
  },
  "gsm:43": {
    "accepted_suffix_mean": 2.5384615384615383,
    "cache_committed_token_fraction": 0.9696969696969697,
    "cache_hit_mean": 0.9230769230769231,
    "throughput_tok_s": 32.97709434279089
  },
  "gsm:45": {
    "accepted_suffix_mean": 2.9166666666666665,
    "cache_committed_token_fraction": 0.9714285714285714,
    "cache_hit_mean": 0.9166666666666666,
    "throughput_tok_s": 37.05097734178234
  },
  "gsm:46": {
    "accepted_suffix_mean": 3.9,
    "cache_committed_token_fraction": 0.9743589743589743,
    "cache_hit_mean": 0.9,
    "throughput_tok_s": 51.485742692741844
  },
  "gsm:65": {
    "accepted_suffix_mean": 2.6153846153846154,
    "cache_committed_token_fraction": 0.9705882352941176,
    "cache_hit_mean": 0.9230769230769231,
    "throughput_tok_s": 34.946463029854414
  },
  "gsm:69": {
    "accepted_suffix_mean": 3.090909090909091,
    "cache_committed_token_fraction": 0.9411764705882353,