{
  "accepted_suffix_mean": 2.058835758835759,
  "accepted_suffix_mean_on_hit": 2.0428903443904503,
  "accepted_suffix_mean_on_miss": 3.038961038961039,
  "batch_size": 32,
  "cache_committed_token_fraction": 0.9763707967282642,
  "cache_hit_mean": 0.983991683991684,
  "draft_service_ms": 11.393789501701967,
  "fanout_template_name": "baseline48",
  "fraction_accepted": 0.17647262647262646,
  "k": 6,
  "mean_cycle_latency_ms": 43.20146948062348,
  "miss_rate": 0.01600831600831598,
  "mode": "ar_async_exact_on_oracle",
  "num_branches_generated_mean": 1,
  "num_prompts": 77,
  "post_verify_feedback_ms": 2.0950125642178925,
  "prompt_group_summary": {
    "accepted_suffix_mean": {
      "mean": 2.2907087961356822,
      "stderr": 0.09234809709352661
    },
    "cache_committed_token_fraction": {
      "mean": 0.9763670147920905,
      "stderr": 0.0019262334386011518
    },
    "cache_hit_mean": {
      "mean": 0.9822005552646188,
      "stderr": 0.0007104620422862585
    },
    "draft_service_ms": {
      "mean": 12.090498900487336,
      "stderr": 0.43911533366719163
    },
    "mean_cycle_latency_ms": {
      "mean": 44.09245356100811,
      "stderr": 0.5646613530862058
    },
    "post_verify_feedback_ms": {
      "mean": 2.1403464850715244,
      "stderr": 0.035188037632946215
    },
    "target_verify_ms": {
      "mean": 8.852559474255505,
      "stderr": 0.0740118879144656
    },
    "throughput_tok_s": {
      "mean": 51.61219094017494,
      "stderr": 1.8206136037151401
    }
  },
  "target_verify_ms": 8.717394706584017,
  "throughput_tok_s": 881.1761079546163
}