{
  "accepted_suffix_mean": 2.866740088105727,
  "accepted_suffix_mean_on_hit": 2.8507821901323704,
  "accepted_suffix_mean_on_miss": 3.038961038961039,
  "batch_size": 1,
  "cache_committed_token_fraction": 0.9101037264694584,
  "cache_hit_mean": 0.9151982378854625,
  "draft_service_ms": 21.6375824198894,
  "fanout_template_name": "baseline48",
  "fraction_accepted": 0.31112334801762115,
  "k": 6,
  "mean_cycle_latency_ms": 78.77417539665886,
  "miss_rate": 0.0848017621145375,
  "mode": "ar_async_exact_on_oracle",
  "num_branches_generated_mean": 1,
  "num_prompts": 77,
  "post_verify_feedback_ms": 14.208521405983683,
  "prompt_group_summary": {
    "accepted_suffix_mean": {
      "mean": 3.291742947177162,
      "stderr": 0.1352237010771552
    },
    "cache_committed_token_fraction": {
      "mean": 0.9102146133073218,
      "stderr": 0.007266550248162099
    },
    "cache_hit_mean": {
      "mean": 0.9030296054124265,
      "stderr": 0.0037961741996759995
    },
    "draft_service_ms": {
      "mean": 21.87748464236055,
      "stderr": 0.11079671198080693
    },
    "mean_cycle_latency_ms": {
      "mean": 79.00197730953393,
      "stderr": 0.13909108275713844
    },
    "post_verify_feedback_ms": {
      "mean": 14.207379276427856,
      "stderr": 0.0037230542383782208
    },
    "target_verify_ms": {
      "mean": 21.746742419481606,
      "stderr": 0.0335343138911527
    },
    "throughput_tok_s": {
      "mean": 41.5570630747106,
      "stderr": 1.6709059988113697
    }
  },
  "target_verify_ms": 21.72798392776244,
  "throughput_tok_s": 33.53903710088492
}