{
  "alpaca:1": {
    "accepted_suffix_mean": 4.533333333333333,
    "cache_committed_token_fraction": 0.9852941176470589,
    "cache_hit_mean": 0.9666666666666667,
    "throughput_tok_s": 64.4867306308712
  },
  "alpaca:110": {
    "accepted_suffix_mean": 2.63265306122449,
    "cache_committed_token_fraction": 0.9844961240310077,
    "cache_hit_mean": 0.9795918367346939,
    "throughput_tok_s": 72.71085892406296
  },
  "alpaca:135": {
    "accepted_suffix_mean": 3.909090909090909,
    "cache_committed_token_fraction": 0.9922480620155039,
    "cache_hit_mean": 0.9696969696969697,
    "throughput_tok_s": 109.50697860021575
  },
  "alpaca:155": {
    "accepted_suffix_mean": 2.723404255319149,
    "cache_committed_token_fraction": 0.9765625,
    "cache_hit_mean": 0.9787234042553191,
    "throughput_tok_s": 72.45306631996496
  },
  "alpaca:156": {
    "accepted_suffix_mean": 4.4,
    "cache_committed_token_fraction": 0.9696969696969697,
    "cache_hit_mean": 0.9666666666666667,
    "throughput_tok_s": 120.50423489367307
  },
  "alpaca:166": {
    "accepted_suffix_mean": 2.6122448979591835,
    "cache_committed_token_fraction": 0.984375,
    "cache_hit_mean": 0.9795918367346939,
    "throughput_tok_s": 74.19583320593817
  },
  "alpaca:172": {
    "accepted_suffix_mean": 3.5135135135135136,
    "cache_committed_token_fraction": 0.9923076923076923,
    "cache_hit_mean": 0.972972972972973,
    "throughput_tok_s": 99.45397267079245
  },
  "alpaca:182": {
    "accepted_suffix_mean": 2.723404255319149,
    "cache_committed_token_fraction": 0.9921875,
    "cache_hit_mean": 0.9787234042553191,
    "throughput_tok_s": 77.07742185384618
  },
  "alpaca:184": {
    "accepted_suffix_mean": 3.4210526315789473,
    "cache_committed_token_fraction": 0.9923076923076923,
    "cache_hit_mean": 0.9736842105263158,
    "throughput_tok_s": 95.68587795494403
  },
  "alpaca:186": {
    "accepted_suffix_mean": 3.3947368421052633,
    "cache_committed_token_fraction": 0.9922480620155039,
    "cache_hit_mean": 0.9736842105263158,
    "throughput_tok_s": 95.41472022674158
  },
  "alpaca:19": {
    "accepted_suffix_mean": 4.387096774193548,
    "cache_committed_token_fraction": 0.9779411764705882,
    "cache_hit_mean": 0.967741935483871,
    "throughput_tok_s": 115.70167410385915
  },
  "alpaca:191": {
    "accepted_suffix_mean": 2.8444444444444446,
    "cache_committed_token_fraction": 0.9765625,
    "cache_hit_mean": 0.9777777777777777,
    "throughput_tok_s": 79.57013672791693
  },
  "alpaca:199": {
    "accepted_suffix_mean": 2.58,
    "cache_committed_token_fraction": 0.9767441860465116,
    "cache_hit_mean": 0.98,
    "throughput_tok_s": 73.01546924899586
  },
  "alpaca:33": {
    "accepted_suffix_mean": 11,
    "cache_committed_token_fraction": 0.9848484848484849,
    "cache_hit_mean": 0.9166666666666666,
    "throughput_tok_s": 285.0974610466712
  },
  "alpaca:47": {
    "accepted_suffix_mean": 3.282051282051282,
    "cache_committed_token_fraction": 0.9921875,
    "cache_hit_mean": 0.9743589743589743,
    "throughput_tok_s": 86.93048746303317
  },
  "alpaca:48": {
    "accepted_suffix_mean": 2.851063829787234,
    "cache_committed_token_fraction": 0.9925373134328358,
    "cache_hit_mean": 0.9787234042553191,
    "throughput_tok_s": 79.86758276981793
  },
  "alpaca:5": {
    "accepted_suffix_mean": 3.657142857142857,
    "cache_committed_token_fraction": 0.984375,
    "cache_hit_mean": 0.9714285714285714,
    "throughput_tok_s": 93.97945120507242
  },
  "alpaca:54": {
    "accepted_suffix_mean": 4.7407407407407405,
    "cache_committed_token_fraction": 0.9921875,
    "cache_hit_mean": 0.9629629629629629,
    "throughput_tok_s": 128.42540898282394
  },
  "alpaca:95": {
    "accepted_suffix_mean": 2.62,
    "cache_committed_token_fraction": 0.9847328244274809,
    "cache_hit_mean": 0.98,
    "throughput_tok_s": 73.24077763771079
  },
  "gsm:105": {
    "accepted_suffix_mean": 4.413793103448276,
    "cache_committed_token_fraction": 0.9921875,
    "cache_hit_mean": 0.9655172413793104,
    "throughput_tok_s": 123.15574310012349
  },
  "gsm:106": {
    "accepted_suffix_mean": 4.888888888888889,
    "cache_committed_token_fraction": 0.9848484848484849,
    "cache_hit_mean": 0.9629629629629629,
    "throughput_tok_s": 128.6748565842846
  },
  "gsm:119": {
    "accepted_suffix_mean": 4.387096774193548,
    "cache_committed_token_fraction": 0.9926470588235294,
    "cache_hit_mean": 0.967741935483871,
    "throughput_tok_s": 122.64442128467851
  },
  "gsm:122": {
    "accepted_suffix_mean": 6.090909090909091,
    "cache_committed_token_fraction": 0.9925373134328358,
    "cache_hit_mean": 0.9545454545454546,
    "throughput_tok_s": 166.3839367586195
  },
  "gsm:138": {
    "accepted_suffix_mean": 4.0625,
    "cache_committed_token_fraction": 0.9923076923076923,
    "cache_hit_mean": 0.96875,
    "throughput_tok_s": 114.19374666890741
  },
  "gsm:142": {
    "accepted_suffix_mean": 4.129032258064516,
    "cache_committed_token_fraction": 0.9921875,
    "cache_hit_mean": 0.967741935483871,
    "throughput_tok_s": 115.99607473434268
  },
  "gsm:149": {
    "accepted_suffix_mean": 3.25,
    "cache_committed_token_fraction": 0.9846153846153847,
    "cache_hit_mean": 0.975,
    "throughput_tok_s": 92.00756132613614
  },
  "gsm:157": {
    "accepted_suffix_mean": 4.814814814814815,
    "cache_committed_token_fraction": 0.9692307692307692,
    "cache_hit_mean": 0.9629629629629629,
    "throughput_tok_s": 134.40490602310692
  },
  "gsm:158": {
    "accepted_suffix_mean": 4,
    "cache_committed_token_fraction": 0.9921875,
    "cache_hit_mean": 0.96875,
    "throughput_tok_s": 113.23329305146075
  },
  "gsm:178": {
    "accepted_suffix_mean": 5.6,
    "cache_committed_token_fraction": 0.9928571428571429,
    "cache_hit_mean": 0.96,
    "throughput_tok_s": 153.33822632292456
  },
  "gsm:187": {
    "accepted_suffix_mean": 4.620689655172414,
    "cache_committed_token_fraction": 0.9850746268656716,
    "cache_hit_mean": 0.9655172413793104,
    "throughput_tok_s": 127.24685334125085
  },
  "gsm:196": {
    "accepted_suffix_mean": 4.333333333333333,
    "cache_committed_token_fraction": 0.9923076923076923,
    "cache_hit_mean": 0.9666666666666667,
    "throughput_tok_s": 121.31516305142907
  },
  "gsm:198": {
    "accepted_suffix_mean": 4.7407407407407405,
    "cache_committed_token_fraction": 0.9921875,
    "cache_hit_mean": 0.9629629629629629,
    "throughput_tok_s": 133.56773376518368
  },
  "gsm:24": {
    "accepted_suffix_mean": 3,
    "cache_committed_token_fraction": 0.9922480620155039,
    "cache_hit_mean": 0.9767441860465116,
    "throughput_tok_s": 82.51770445406933
  },
  "gsm:3": {
    "accepted_suffix_mean": 5.076923076923077,
    "cache_committed_token_fraction": 0.9924242424242424,
    "cache_hit_mean": 0.9615384615384616,
    "throughput_tok_s": 138.96069114823882
  },
  "gsm:33": {
    "accepted_suffix_mean": 5.863636363636363,
    "cache_committed_token_fraction": 0.9922480620155039,
    "cache_hit_mean": 0.9545454545454546,
    "throughput_tok_s": 155.0510192662817
  },
  "gsm:39": {
    "accepted_suffix_mean": 5.269230769230769,
    "cache_committed_token_fraction": 0.9927007299270073,
    "cache_hit_mean": 0.9615384615384616,
    "throughput_tok_s": 134.0181752427619
  },
  "gsm:43": {
    "accepted_suffix_mean": 4.03125,
    "cache_committed_token_fraction": 0.9922480620155039,
    "cache_hit_mean": 0.96875,
    "throughput_tok_s": 111.1846514931294
  },
  "gsm:45": {
    "accepted_suffix_mean": 5.035714285714286,
    "cache_committed_token_fraction": 0.9929078014184397,
    "cache_hit_mean": 0.9642857142857143,
    "throughput_tok_s": 137.52414537682316
  },
  "gsm:46": {
    "accepted_suffix_mean": 3.3947368421052633,
    "cache_committed_token_fraction": 0.9922480620155039,
    "cache_hit_mean": 0.9736842105263158,
    "throughput_tok_s": 96.32958548232584
  },
  "gsm:65": {
    "accepted_suffix_mean": 3.764705882352941,
    "cache_committed_token_fraction": 0.984375,