{
  "accepted_suffix_mean": 4.035185925629748,
  "actual_frontier_rank_distribution": {
    "0": 2501
  },
  "batch_size": 1,
  "cache_committed_token_fraction": 0.9832540626238605,
  "cache_hit_mean": 0.9692123150739704,
  "ddtree_step_ms": 3.9119654669665076,
  "frontier_candidate_count_mean": 1.0,
  "frontier_count": 1,
  "hit_cycle_latency_ms": 36.03637099668319,
  "hit_only_accepted_suffix_mean": 4.093646864686469,
  "mean_cycle_latency_ms": 36.540877733302146,
  "miss_cycle_latency_ms": 52.42301188348853,
  "miss_only_accepted_suffix_mean": 2.1948051948051948,
  "mode": "ddtree_ssd_exact_on_oracle",
  "num_prompts": 77,
  "prompt_group_summary": {
    "accepted_suffix_mean": {
      "mean": 4.726098724175803,
      "stderr": 0.23701449836616906
    },
    "cache_committed_token_fraction": {
      "mean": 0.9833089219755209,
      "stderr": 0.0013620135883071738
    },
    "cache_hit_mean": {
      "mean": 0.9640658316117721,
      "stderr": 0.001770166910756357
    },
    "throughput_tok_s": {
      "mean": 127.90708373748413,
      "stderr": 6.144331801875423
    }
  },
  "target_verify_ms": 27.630102906528055,
  "throughput_tok_s": 106.84782649954516,
  "tree_budget": 16,
  "tree_build_ms": 2.8170171527617254,
  "tree_compile_ms": 2.474695717620223,
  "tree_node_count_mean": 16.0,
  "verified_node_count_mean": null
}