{
  "alpaca:1": {
    "accepted_suffix_mean": 2.909090909090909,
    "cache_committed_token_fraction": 0.9375,
    "cache_hit_mean": 0.9090909090909091,
    "throughput_tok_s": 0.2560334331534496
  },
  "alpaca:110": {
    "accepted_suffix_mean": 2.5384615384615383,
    "cache_committed_token_fraction": 0.9393939393939394,
    "cache_hit_mean": 0.9230769230769231,
    "throughput_tok_s": 0.21660241008709077
  },
  "alpaca:135": {
    "accepted_suffix_mean": 3.6666666666666665,
    "cache_committed_token_fraction": 0.9696969696969697,
    "cache_hit_mean": 0.8888888888888888,
    "throughput_tok_s": 0.3225523202821278
  },
  "alpaca:155": {
    "accepted_suffix_mean": 2.4,
    "cache_committed_token_fraction": 0.9166666666666666,
    "cache_hit_mean": 0.9333333333333333,
    "throughput_tok_s": 0.19772826122491652
  },
  "alpaca:156": {
    "accepted_suffix_mean": 3.7,
    "cache_committed_token_fraction": 0.8918918918918919,
    "cache_hit_mean": 0.9,
    "throughput_tok_s": 0.3248252375575659
  },
  "alpaca:166": {
    "accepted_suffix_mean": 2.357142857142857,
    "cache_committed_token_fraction": 0.9393939393939394,
    "cache_hit_mean": 0.9285714285714286,
    "throughput_tok_s": 0.19701904320566943
  },
  "alpaca:172": {
    "accepted_suffix_mean": 2.3125,
    "cache_committed_token_fraction": 0.972972972972973,
    "cache_hit_mean": 0.9375,
    "throughput_tok_s": 0.18892943043184496
  },
  "alpaca:182": {
    "accepted_suffix_mean": 2.5,
    "cache_committed_token_fraction": 0.9714285714285714,
    "cache_hit_mean": 0.9285714285714286,
    "throughput_tok_s": 0.2089595912787403
  },
  "alpaca:184": {
    "accepted_suffix_mean": 2.6666666666666665,
    "cache_committed_token_fraction": 0.96875,
    "cache_hit_mean": 0.9166666666666666,
    "throughput_tok_s": 0.23293439524610998
  },
  "alpaca:186": {
    "accepted_suffix_mean": 2.642857142857143,
    "cache_committed_token_fraction": 0.972972972972973,
    "cache_hit_mean": 0.9285714285714286,
    "throughput_tok_s": 0.2209001393518112
  },
  "alpaca:19": {
    "accepted_suffix_mean": 2.909090909090909,
    "cache_committed_token_fraction": 0.90625,
    "cache_hit_mean": 0.9090909090909091,
    "throughput_tok_s": 0.2560334331534496
  },
  "alpaca:191": {
    "accepted_suffix_mean": 2.909090909090909,
    "cache_committed_token_fraction": 0.90625,
    "cache_hit_mean": 0.9090909090909091,
    "throughput_tok_s": 0.2560334331534496
  },
  "alpaca:199": {
    "accepted_suffix_mean": 2.2857142857142856,
    "cache_committed_token_fraction": 0.90625,
    "cache_hit_mean": 0.9285714285714286,
    "throughput_tok_s": 0.191048769169134
  },
  "alpaca:33": {
    "accepted_suffix_mean": 6.166666666666667,
    "cache_committed_token_fraction": 0.9459459459459459,
    "cache_hit_mean": 0.8333333333333334,
    "throughput_tok_s": 0.5478769117223357
  },
  "alpaca:47": {
    "accepted_suffix_mean": 2.75,
    "cache_committed_token_fraction": 0.9696969696969697,
    "cache_hit_mean": 0.9166666666666666,
    "throughput_tok_s": 0.2402135950975509
  },
  "alpaca:48": {
    "accepted_suffix_mean": 2.2857142857142856,
    "cache_committed_token_fraction": 0.96875,
    "cache_hit_mean": 0.9285714285714286,
    "throughput_tok_s": 0.191048769169134
  },
  "alpaca:5": {
    "accepted_suffix_mean": 3.5,
    "cache_committed_token_fraction": 0.9428571428571428,
    "cache_hit_mean": 0.9,
    "throughput_tok_s": 0.3072671166085083
  },
  "alpaca:54": {
    "accepted_suffix_mean": 3.3636363636363638,
    "cache_committed_token_fraction": 0.972972972972973,
    "cache_hit_mean": 0.9090909090909091,
    "throughput_tok_s": 0.29603865708367616
  },
  "alpaca:95": {
    "accepted_suffix_mean": 2.3333333333333335,
    "cache_committed_token_fraction": 0.9428571428571428,
    "cache_hit_mean": 0.9333333333333333,
    "throughput_tok_s": 0.1922358095242244
  },
  "gsm:105": {
    "accepted_suffix_mean": 2.8333333333333335,
    "cache_committed_token_fraction": 0.9705882352941176,
    "cache_hit_mean": 0.9166666666666666,
    "throughput_tok_s": 0.24749279494899185
  },
  "gsm:106": {
    "accepted_suffix_mean": 4,
    "cache_committed_token_fraction": 0.9444444444444444,
    "cache_hit_mean": 0.8888888888888888,
    "throughput_tok_s": 0.351875258489594
  },
  "gsm:119": {
    "accepted_suffix_mean": 3.6,
    "cache_committed_token_fraction": 0.9722222222222222,
    "cache_hit_mean": 0.9,
    "throughput_tok_s": 0.3160461770830371
  },
  "gsm:122": {
    "accepted_suffix_mean": 4.25,
    "cache_committed_token_fraction": 0.9705882352941176,
    "cache_hit_mean": 0.875,
    "throughput_tok_s": 0.3401255674432428
  },
  "gsm:138": {
    "accepted_suffix_mean": 4.125,
    "cache_committed_token_fraction": 0.9696969696969697,
    "cache_hit_mean": 0.875,
    "throughput_tok_s": 0.320525530384638
  },
  "gsm:142": {
    "accepted_suffix_mean": 3.1818181818181817,
    "cache_committed_token_fraction": 0.9714285714285714,
    "cache_hit_mean": 0.9090909090909091,
    "throughput_tok_s": 0.24220724623055442
  },
  "gsm:149": {
    "accepted_suffix_mean": 2.5714285714285716,
    "cache_committed_token_fraction": 0.9444444444444444,
    "cache_hit_mean": 0.9285714285714286,
    "throughput_tok_s": 0.22338731837602083
  },
  "gsm:157": {
    "accepted_suffix_mean": 4.375,
    "cache_committed_token_fraction": 0.8857142857142857,
    "cache_hit_mean": 0.875,
    "throughput_tok_s": 0.323568599761392
  },
  "gsm:158": {
    "accepted_suffix_mean": 3,
    "cache_committed_token_fraction": 0.9696969696969697,
    "cache_hit_mean": 0.9090909090909091,
    "throughput_tok_s": 0.22836683216023704
  },
  "gsm:178": {
    "accepted_suffix_mean": 3.4,
    "cache_committed_token_fraction": 0.9705882352941176,
    "cache_hit_mean": 0.9,
    "throughput_tok_s": 0.25270884056728965
  },
  "gsm:187": {
    "accepted_suffix_mean": 3.7777777777777777,
    "cache_committed_token_fraction": 0.9411764705882353,
    "cache_hit_mean": 0.8888888888888888,
    "throughput_tok_s": 0.27654920166366526
  },
  "gsm:196": {
    "accepted_suffix_mean": 3.7,
    "cache_committed_token_fraction": 0.972972972972973,
    "cache_hit_mean": 0.9,
    "throughput_tok_s": 0.2783924036230137
  },
  "gsm:198": {
    "accepted_suffix_mean": 3.2,
    "cache_committed_token_fraction": 0.96875,
    "cache_hit_mean": 0.9,
    "throughput_tok_s": 0.24077180853882268
  },
  "gsm:24": {
    "accepted_suffix_mean": 2.1333333333333333,
    "cache_committed_token_fraction": 0.96875,
    "cache_hit_mean": 0.9333333333333333,
    "throughput_tok_s": 0.17575845442214802
  },
  "gsm:3": {
    "accepted_suffix_mean": 4,
    "cache_committed_token_fraction": 0.9722222222222222,
    "cache_hit_mean": 0.8888888888888888,
    "throughput_tok_s": 0.351875258489594
  },
  "gsm:33": {
    "accepted_suffix_mean": 3.888888888888889,
    "cache_committed_token_fraction": 0.9714285714285714,
    "cache_hit_mean": 0.8888888888888888,
    "throughput_tok_s": 0.342100945753772
  },
  "gsm:39": {
    "accepted_suffix_mean": 4.571428571428571,
    "cache_committed_token_fraction": 0.96875,
    "cache_hit_mean": 0.8571428571428571,
    "throughput_tok_s": 0.4044891316120072
  },
  "gsm:43": {
    "accepted_suffix_mean": 2.5384615384615383,
    "cache_committed_token_fraction": 0.9696969696969697,
    "cache_hit_mean": 0.9230769230769231,
    "throughput_tok_s": 0.21660241008709077
  },
  "gsm:45": {
    "accepted_suffix_mean": 3.2,
    "cache_committed_token_fraction": 0.96875,
    "cache_hit_mean": 0.9,
    "throughput_tok_s": 0.2809299351849219
  },
  "gsm:46": {
    "accepted_suffix_mean": 4.444444444444445,
    "cache_committed_token_fraction": 0.975,
    "cache_hit_mean": 0.8888888888888888,
    "throughput_tok_s": 0.39097250943288225
  },
  "gsm:65": {
    "accepted_suffix_mean": 3.090909090909091,
    "cache_committed_token_fraction": 0.9411764705882353,
    "cache_hit_mean": 0.9090909090909091,
    "throughput_tok_s": 0.27203552272554027
  },
  "gsm:69": {
    "accepted_suffix_mean": 3.4,