{
  "alpaca:1": {
    "accepted_suffix_mean": 4,
    "cache_committed_token_fraction": 0.9852941176470589,
    "cache_hit_mean": 0.9705882352941176,
    "throughput_tok_s": 61.201267035468916
  },
  "alpaca:110": {
    "accepted_suffix_mean": 2.4150943396226414,
    "cache_committed_token_fraction": 0.984375,
    "cache_hit_mean": 0.9811320754716981,
    "throughput_tok_s": 72.51458347993831
  },
  "alpaca:135": {
    "accepted_suffix_mean": 3.6857142857142855,
    "cache_committed_token_fraction": 0.9922480620155039,
    "cache_hit_mean": 0.9714285714285714,
    "throughput_tok_s": 109.53900028273597
  },
  "alpaca:155": {
    "accepted_suffix_mean": 2.327272727272727,
    "cache_committed_token_fraction": 0.9765625,
    "cache_hit_mean": 0.9818181818181818,
    "throughput_tok_s": 66.50987671604359
  },
  "alpaca:156": {
    "accepted_suffix_mean": 3.611111111111111,
    "cache_committed_token_fraction": 0.9769230769230769,
    "cache_hit_mean": 0.9722222222222222,
    "throughput_tok_s": 108.3570816946777
  },
  "alpaca:166": {
    "accepted_suffix_mean": 2.4615384615384617,
    "cache_committed_token_fraction": 0.984375,
    "cache_hit_mean": 0.9807692307692307,
    "throughput_tok_s": 75.0674673813282
  },
  "alpaca:172": {
    "accepted_suffix_mean": 3.0952380952380953,
    "cache_committed_token_fraction": 0.9923076923076923,
    "cache_hit_mean": 0.9761904761904762,
    "throughput_tok_s": 94.61947057856842
  },
  "alpaca:182": {
    "accepted_suffix_mean": 2.3454545454545452,
    "cache_committed_token_fraction": 0.9922480620155039,
    "cache_hit_mean": 0.9818181818181818,
    "throughput_tok_s": 71.77459580325176
  },
  "alpaca:184": {
    "accepted_suffix_mean": 3.5135135135135136,
    "cache_committed_token_fraction": 0.9923076923076923,
    "cache_hit_mean": 0.972972972972973,
    "throughput_tok_s": 107.6332701703942
  },
  "alpaca:186": {
    "accepted_suffix_mean": 2.909090909090909,
    "cache_committed_token_fraction": 0.9921875,
    "cache_hit_mean": 0.9772727272727273,
    "throughput_tok_s": 88.77493123037699
  },
  "alpaca:19": {
    "accepted_suffix_mean": 4,
    "cache_committed_token_fraction": 0.9852941176470589,
    "cache_hit_mean": 0.9705882352941176,
    "throughput_tok_s": 111.63214380613483
  },
  "alpaca:191": {
    "accepted_suffix_mean": 2.8333333333333335,
    "cache_committed_token_fraction": 0.9779411764705882,
    "cache_hit_mean": 0.9791666666666666,
    "throughput_tok_s": 86.10914900006146
  },
  "alpaca:199": {
    "accepted_suffix_mean": 2.6666666666666665,
    "cache_committed_token_fraction": 0.984375,
    "cache_hit_mean": 0.9791666666666666,
    "throughput_tok_s": 71.64648036447011
  },
  "alpaca:33": {
    "accepted_suffix_mean": 7.277777777777778,
    "cache_committed_token_fraction": 0.9847328244274809,
    "cache_hit_mean": 0.9444444444444444,
    "throughput_tok_s": 210.445510430373
  },
  "alpaca:47": {
    "accepted_suffix_mean": 3.675675675675676,
    "cache_committed_token_fraction": 0.9926470588235294,
    "cache_hit_mean": 0.972972972972973,
    "throughput_tok_s": 103.72766112745154
  },
  "alpaca:48": {
    "accepted_suffix_mean": 2.66,
    "cache_committed_token_fraction": 0.9924812030075187,
    "cache_hit_mean": 0.98,
    "throughput_tok_s": 79.60284961110166
  },
  "alpaca:5": {
    "accepted_suffix_mean": 3.4864864864864864,
    "cache_committed_token_fraction": 0.9844961240310077,
    "cache_hit_mean": 0.972972972972973,
    "throughput_tok_s": 95.08588738167458
  },
  "alpaca:54": {
    "accepted_suffix_mean": 4.03125,
    "cache_committed_token_fraction": 0.9922480620155039,
    "cache_hit_mean": 0.96875,
    "throughput_tok_s": 119.34164299474145
  },
  "alpaca:95": {
    "accepted_suffix_mean": 2.4716981132075473,
    "cache_committed_token_fraction": 0.9847328244274809,
    "cache_hit_mean": 0.9811320754716981,
    "throughput_tok_s": 74.49360218229933
  },
  "gsm:105": {
    "accepted_suffix_mean": 4.129032258064516,
    "cache_committed_token_fraction": 0.9921875,
    "cache_hit_mean": 0.967741935483871,
    "throughput_tok_s": 124.73317522157623
  },
  "gsm:106": {
    "accepted_suffix_mean": 4.258064516129032,
    "cache_committed_token_fraction": 0.9848484848484849,
    "cache_hit_mean": 0.967741935483871,
    "throughput_tok_s": 128.40746523825877
  },
  "gsm:119": {
    "accepted_suffix_mean": 3.8823529411764706,
    "cache_committed_token_fraction": 0.9924242424242424,
    "cache_hit_mean": 0.9705882352941176,
    "throughput_tok_s": 116.46044033612424
  },
  "gsm:122": {
    "accepted_suffix_mean": 5.32,
    "cache_committed_token_fraction": 0.9924812030075187,
    "cache_hit_mean": 0.96,
    "throughput_tok_s": 157.65118092835877
  },
  "gsm:138": {
    "accepted_suffix_mean": 4.1875,
    "cache_committed_token_fraction": 0.9925373134328358,
    "cache_hit_mean": 0.96875,
    "throughput_tok_s": 125.79904513896024
  },
  "gsm:142": {
    "accepted_suffix_mean": 3.657142857142857,
    "cache_committed_token_fraction": 0.9921875,
    "cache_hit_mean": 0.9714285714285714,
    "throughput_tok_s": 109.91552963576018
  },
  "gsm:149": {
    "accepted_suffix_mean": 3.25,
    "cache_committed_token_fraction": 0.9846153846153847,
    "cache_hit_mean": 0.975,
    "throughput_tok_s": 98.42067584970535
  },
  "gsm:157": {
    "accepted_suffix_mean": 4.888888888888889,
    "cache_committed_token_fraction": 0.9772727272727273,
    "cache_hit_mean": 0.9629629629629629,
    "throughput_tok_s": 144.22910509112486
  },
  "gsm:158": {
    "accepted_suffix_mean": 3.823529411764706,
    "cache_committed_token_fraction": 0.9923076923076923,
    "cache_hit_mean": 0.9705882352941176,
    "throughput_tok_s": 105.97002324448856
  },
  "gsm:178": {
    "accepted_suffix_mean": 4.7407407407407405,
    "cache_committed_token_fraction": 0.9921875,
    "cache_hit_mean": 0.9629629629629629,
    "throughput_tok_s": 135.63851769639126
  },
  "gsm:187": {
    "accepted_suffix_mean": 4,
    "cache_committed_token_fraction": 0.9848484848484849,
    "cache_hit_mean": 0.9696969696969697,
    "throughput_tok_s": 120.48291190317076
  },
  "gsm:196": {
    "accepted_suffix_mean": 4.193548387096774,
    "cache_committed_token_fraction": 0.9923076923076923,
    "cache_hit_mean": 0.967741935483871,
    "throughput_tok_s": 123.71761321457683
  },
  "gsm:198": {
    "accepted_suffix_mean": 3.4864864864864864,
    "cache_committed_token_fraction": 0.9922480620155039,
    "cache_hit_mean": 0.972972972972973,
    "throughput_tok_s": 103.7480670990866
  },
  "gsm:24": {
    "accepted_suffix_mean": 2.723404255319149,
    "cache_committed_token_fraction": 0.9921875,
    "cache_hit_mean": 0.9787234042553191,
    "throughput_tok_s": 78.32127777979971
  },
  "gsm:3": {
    "accepted_suffix_mean": 4.962962962962963,
    "cache_committed_token_fraction": 0.9925373134328358,
    "cache_hit_mean": 0.9629629629629629,
    "throughput_tok_s": 138.91526284674234
  },
  "gsm:33": {
    "accepted_suffix_mean": 5.24,
    "cache_committed_token_fraction": 0.9923664122137404,
    "cache_hit_mean": 0.96,
    "throughput_tok_s": 137.27890017414757
  },
  "gsm:39": {
    "accepted_suffix_mean": 4.366666666666666,
    "cache_committed_token_fraction": 0.9923664122137404,
    "cache_hit_mean": 0.9666666666666667,
    "throughput_tok_s": 126.87222623859614
  },
  "gsm:43": {
    "accepted_suffix_mean": 3.909090909090909,
    "cache_committed_token_fraction": 0.9922480620155039,
    "cache_hit_mean": 0.9696969696969697,
    "throughput_tok_s": 115.41028209094212
  },
  "gsm:45": {
    "accepted_suffix_mean": 4.366666666666666,
    "cache_committed_token_fraction": 0.9923664122137404,
    "cache_hit_mean": 0.9666666666666667,
    "throughput_tok_s": 128.45244273117999
  },
  "gsm:46": {
    "accepted_suffix_mean": 3.358974358974359,
    "cache_committed_token_fraction": 0.9923664122137404,
    "cache_hit_mean": 0.9743589743589743,
    "throughput_tok_s": 100.01774277657711
  },
  "gsm:65": {
    "accepted_suffix_mean": 3.358974358974359,