{
  "accepted_length_support_rate": 1.0,
  "accepted_suffix_mean": 1.747289972899729,
  "accepted_suffix_mean_on_hit": 1.7462473195139385,
  "accepted_suffix_mean_on_miss": 1.7662337662337662,
  "batch_size": 4,
  "cache_committed_token_fraction": 0.9472663823187282,
  "cache_hit_mean": 0.9478319783197832,
  "cache_lookup_ms": 0.06418924104816061,
  "dflash_step_ms": 15.682132460735245,
  "fallback_rate": 0.0521680216802168,
  "fanout_template_name": "baseline48",
  "fraction_accepted": 0.0498193315266486,
  "hit_cycle_latency_ms": 51.37873581311718,
  "hit_only_accepted_suffix_mean": 1.7462473195139385,
  "joint_branch_recall": 0.08604336043360433,
  "mean_cycle_latency_ms": 65.05216864855117,
  "miss_cycle_latency_ms": 313.4824613339038,
  "miss_only_accepted_suffix_mean": 1.7662337662337662,
  "miss_rate": 0.0521680216802168,
  "mode": "dflash_ssd_predicted_on_oracle",
  "num_branches_generated_mean": 1,
  "num_prompts": 77,
  "predictor_ms": 0.40054589445734845,
  "prompt_group_summary": {
    "accepted_length_support_rate": {
      "mean": 1.0,
      "stderr": 0.0
    },
    "accepted_suffix_mean": {
      "mean": 2.0303768747897095,
      "stderr": 0.11404895443883091
    },
    "cache_committed_token_fraction": {
      "mean": 0.9478489613520941,
      "stderr": 0.005433836644397646
    },
    "cache_hit_mean": {
      "mean": 0.9401538970756643,
      "stderr": 0.0030512582453341842
    },
    "dflash_ms": {
      "mean": 16.181671569151142,
      "stderr": 0.8153204920530779
    },
    "hit_only_accepted_suffix_mean": {
      "mean": 2.047494688991521,
      "stderr": 0.11709288118043922
    },
    "joint_branch_recall": {
      "mean": 0.09625686018173668,
      "stderr": 0.009817297953356478
    },
    "mean_cycle_latency_ms": {
      "mean": 65.90375676581401,
      "stderr": 6.787630600833465
    },
    "miss_only_accepted_suffix_mean": {
      "mean": 1.7662337662337662,
      "stderr": 0.18569492607342156
    },
    "miss_rate": {
      "mean": 0.05984610292433563,
      "stderr": 0.0030512582453341834
    },
    "predictor_ms": {
      "mean": 0.4087502512674524,
      "stderr": 0.011832362030347423
    },
    "recovery_recall_given_supported_accept": {
      "mean": 0.09625686018173668,
      "stderr": 0.009817297953356478
    },
    "target_verify_ms": {
      "mean": 42.269836742539475,
      "stderr": 5.6637094951337
    },
    "throughput_tok_s": {
      "mean": 36.74640660692689,
      "stderr": 2.031568196724242
    }
  },
  "recovery_entropy_at_actual_accept_mean": 3.668659436145252,
  "recovery_recall_given_supported_accept": 0.08604336043360433,
  "recovery_top1_margin_at_actual_accept_mean": 0.25847665189454955,
  "target_verify_ms": 42.12788855274077,
  "throughput_tok_s": 97.78971963315232,
  "transport_ms": 1.1808305212453027,
  "true_branch_rank_distribution": {
    "0": 1399
  }
}