{
  "alpaca:1": {
    "accepted_suffix_mean": 2.4615384615384617,
    "cache_committed_token_fraction": 0.9375,
    "cache_hit_mean": 0.9230769230769231,
    "throughput_tok_s": 8.138150927453207
  },
  "alpaca:110": {
    "accepted_suffix_mean": 2.357142857142857,
    "cache_committed_token_fraction": 0.9393939393939394,
    "cache_hit_mean": 0.9285714285714286,
    "throughput_tok_s": 7.994768503593754
  },
  "alpaca:135": {
    "accepted_suffix_mean": 3.6666666666666665,
    "cache_committed_token_fraction": 0.9696969696969697,
    "cache_hit_mean": 0.8888888888888888,
    "throughput_tok_s": 10.47320140511677
  },
  "alpaca:155": {
    "accepted_suffix_mean": 2.0588235294117645,
    "cache_committed_token_fraction": 0.9142857142857143,
    "cache_hit_mean": 0.9411764705882353,
    "throughput_tok_s": 7.389025983804827
  },
  "alpaca:156": {
    "accepted_suffix_mean": 3.7,
    "cache_committed_token_fraction": 0.918918918918919,
    "cache_hit_mean": 0.9,
    "throughput_tok_s": 11.082810048565934
  },
  "alpaca:166": {
    "accepted_suffix_mean": 2.357142857142857,
    "cache_committed_token_fraction": 0.9393939393939394,
    "cache_hit_mean": 0.9285714285714286,
    "throughput_tok_s": 7.994768503593754
  },
  "alpaca:172": {
    "accepted_suffix_mean": 2.176470588235294,
    "cache_committed_token_fraction": 0.972972972972973,
    "cache_hit_mean": 0.9411764705882353,
    "throughput_tok_s": 7.811256040022246
  },
  "alpaca:182": {
    "accepted_suffix_mean": 2.125,
    "cache_committed_token_fraction": 0.9705882352941176,
    "cache_hit_mean": 0.9375,
    "throughput_tok_s": 7.548067294806396
  },
  "alpaca:184": {
    "accepted_suffix_mean": 2.6666666666666665,
    "cache_committed_token_fraction": 0.96875,
    "cache_hit_mean": 0.9166666666666666,
    "throughput_tok_s": 8.630643701213396
  },
  "alpaca:186": {
    "accepted_suffix_mean": 2.5,
    "cache_committed_token_fraction": 0.9714285714285714,
    "cache_hit_mean": 0.9285714285714286,
    "throughput_tok_s": 13.009286494730965
  },
  "alpaca:19": {
    "accepted_suffix_mean": 2.4615384615384617,
    "cache_committed_token_fraction": 0.9375,
    "cache_hit_mean": 0.9230769230769231,
    "throughput_tok_s": 8.138150927453207
  },
  "alpaca:191": {
    "accepted_suffix_mean": 2.6666666666666665,
    "cache_committed_token_fraction": 0.90625,
    "cache_hit_mean": 0.9166666666666666,
    "throughput_tok_s": 13.952127605045206
  },
  "alpaca:199": {
    "accepted_suffix_mean": 2.1333333333333333,
    "cache_committed_token_fraction": 0.9375,
    "cache_hit_mean": 0.9333333333333333,
    "throughput_tok_s": 11.12056527866447
  },
  "alpaca:33": {
    "accepted_suffix_mean": 4.714285714285714,
    "cache_committed_token_fraction": 0.9393939393939394,
    "cache_hit_mean": 0.8571428571428571,
    "throughput_tok_s": 11.982265402030725
  },
  "alpaca:47": {
    "accepted_suffix_mean": 2.6666666666666665,
    "cache_committed_token_fraction": 0.96875,
    "cache_hit_mean": 0.9166666666666666,
    "throughput_tok_s": 8.630643701213396
  },
  "alpaca:48": {
    "accepted_suffix_mean": 2,
    "cache_committed_token_fraction": 0.96875,
    "cache_hit_mean": 0.9375,
    "throughput_tok_s": 7.104063336288373
  },
  "alpaca:5": {
    "accepted_suffix_mean": 3,
    "cache_committed_token_fraction": 0.9444444444444444,
    "cache_hit_mean": 0.9166666666666666,
    "throughput_tok_s": 9.709474163865071
  },
  "alpaca:54": {
    "accepted_suffix_mean": 3.090909090909091,
    "cache_committed_token_fraction": 0.9705882352941176,
    "cache_hit_mean": 0.9090909090909091,
    "throughput_tok_s": 9.651544011155126
  },
  "alpaca:95": {
    "accepted_suffix_mean": 2,
    "cache_committed_token_fraction": 0.9375,
    "cache_hit_mean": 0.9375,
    "throughput_tok_s": 7.104063336288373
  },
  "gsm:105": {
    "accepted_suffix_mean": 2.8333333333333335,
    "cache_committed_token_fraction": 0.9705882352941176,
    "cache_hit_mean": 0.9166666666666666,
    "throughput_tok_s": 14.539256672215132
  },
  "gsm:106": {
    "accepted_suffix_mean": 4,
    "cache_committed_token_fraction": 0.9444444444444444,
    "cache_hit_mean": 0.8888888888888888,
    "throughput_tok_s": 21.279419051262735
  },
  "gsm:119": {
    "accepted_suffix_mean": 3.6,
    "cache_committed_token_fraction": 0.9722222222222222,
    "cache_hit_mean": 0.9,
    "throughput_tok_s": 19.028082258198964
  },
  "gsm:122": {
    "accepted_suffix_mean": 4.125,
    "cache_committed_token_fraction": 0.9696969696969697,
    "cache_hit_mean": 0.875,
    "throughput_tok_s": 20.93895272826398
  },
  "gsm:138": {
    "accepted_suffix_mean": 3.090909090909091,
    "cache_committed_token_fraction": 0.9705882352941176,
    "cache_hit_mean": 0.9090909090909091,
    "throughput_tok_s": 15.782069471824533
  },
  "gsm:142": {
    "accepted_suffix_mean": 2.75,
    "cache_committed_token_fraction": 0.9696969696969697,
    "cache_hit_mean": 0.9166666666666666,
    "throughput_tok_s": 13.918978921456633
  },
  "gsm:149": {
    "accepted_suffix_mean": 2.5714285714285716,
    "cache_committed_token_fraction": 0.9444444444444444,
    "cache_hit_mean": 0.9285714285714286,
    "throughput_tok_s": 12.808037359213163
  },
  "gsm:157": {
    "accepted_suffix_mean": 4,
    "cache_committed_token_fraction": 0.90625,
    "cache_hit_mean": 0.875,
    "throughput_tok_s": 20.437648027055204
  },
  "gsm:158": {
    "accepted_suffix_mean": 2.909090909090909,
    "cache_committed_token_fraction": 0.96875,
    "cache_hit_mean": 0.9090909090909091,
    "throughput_tok_s": 14.289917014630147
  },
  "gsm:178": {
    "accepted_suffix_mean": 3.3,
    "cache_committed_token_fraction": 0.9696969696969697,
    "cache_hit_mean": 0.9,
    "throughput_tok_s": 16.066387184163037
  },
  "gsm:187": {
    "accepted_suffix_mean": 3.7777777777777777,
    "cache_committed_token_fraction": 0.9411764705882353,
    "cache_hit_mean": 0.8888888888888888,
    "throughput_tok_s": 18.7331483735205
  },
  "gsm:196": {
    "accepted_suffix_mean": 3.5,
    "cache_committed_token_fraction": 0.9714285714285714,
    "cache_hit_mean": 0.9,
    "throughput_tok_s": 17.15634988902486
  },
  "gsm:198": {
    "accepted_suffix_mean": 3.2,
    "cache_committed_token_fraction": 0.96875,
    "cache_hit_mean": 0.9,
    "throughput_tok_s": 15.685805612822728
  },
  "gsm:24": {
    "accepted_suffix_mean": 1.8823529411764706,
    "cache_committed_token_fraction": 0.96875,
    "cache_hit_mean": 0.9411764705882353,
    "throughput_tok_s": 9.659656309591881
  },
  "gsm:3": {
    "accepted_suffix_mean": 3.5,
    "cache_committed_token_fraction": 0.9714285714285714,
    "cache_hit_mean": 0.9,
    "throughput_tok_s": 18.213006390496645
  },
  "gsm:33": {
    "accepted_suffix_mean": 3.5,
    "cache_committed_token_fraction": 0.9714285714285714,
    "cache_hit_mean": 0.9,
    "throughput_tok_s": 17.947458755581035
  },
  "gsm:39": {
    "accepted_suffix_mean": 3.090909090909091,
    "cache_committed_token_fraction": 0.9705882352941176,
    "cache_hit_mean": 0.9090909090909091,
    "throughput_tok_s": 15.94277092992905
  },
  "gsm:43": {
    "accepted_suffix_mean": 2.5384615384615383,
    "cache_committed_token_fraction": 0.9696969696969697,
    "cache_hit_mean": 0.9230769230769231,
    "throughput_tok_s": 13.218862862007304
  },
  "gsm:45": {
    "accepted_suffix_mean": 2.9166666666666665,
    "cache_committed_token_fraction": 0.9714285714285714,
    "cache_hit_mean": 0.9166666666666666,
    "throughput_tok_s": 15.324275399576516
  },
  "gsm:46": {
    "accepted_suffix_mean": 3.9,
    "cache_committed_token_fraction": 0.9743589743589743,
    "cache_hit_mean": 0.9,
    "throughput_tok_s": 20.49404061642388
  },
  "gsm:65": {
    "accepted_suffix_mean": 2.6153846153846154,
    "cache_committed_token_fraction": 0.9705882352941176,
    "cache_hit_mean": 0.9230769230769231,
    "throughput_tok_s": 13.59458668235663
  },
  "gsm:69": {
    "accepted_suffix_mean": 3.090909090909091,
    "cache_committed_token_fraction": 0.9411764705882353,