{
  "accepted_suffix_mean": 3.4506493506493507,
  "actual_frontier_rank_distribution": {
    "0": 770
  },
  "batch_size": 16,
  "cache_committed_token_fraction": 0.9363944298080542,
  "cache_hit_mean": 0.9,
  "ddtree_step_ms": 78.13831135475387,
  "frontier_candidate_count_mean": 1.0,
  "frontier_count": 1,
  "hit_cycle_latency_ms": 5874.121666814014,
  "hit_only_accepted_suffix_mean": 3.59018759018759,
  "mean_cycle_latency_ms": 5942.672139578559,
  "miss_cycle_latency_ms": 6559.626394459469,
  "miss_only_accepted_suffix_mean": 2.1948051948051948,
  "mode": "ddtree_ssd_exact_on_oracle",
  "num_prompts": 77,
  "prompt_group_summary": {
    "accepted_suffix_mean": {
      "mean": 4.138398009129483,
      "stderr": 0.24066418102297643
    },
    "cache_committed_token_fraction": {
      "mean": 0.9369291180704291,
      "stderr": 0.004973872618501258
    },
    "cache_hit_mean": {
      "mean": 0.8813830236481115,
      "stderr": 0.006429556927895025
    },
    "throughput_tok_s": {
      "mean": 0.6411218154854712,
      "stderr": 0.026864707448264736
    }
  },
  "target_verify_ms": 4516.573237345761,
  "throughput_tok_s": 8.271181464284215,
  "tree_budget": 16,
  "tree_build_ms": 43.27120276219729,
  "tree_compile_ms": 3902.8141966296566,
  "tree_node_count_mean": 16.0,
  "verified_node_count_mean": null
}