{
  "alpaca:1": {
    "accepted_suffix_mean": 2.909090909090909,
    "cache_committed_token_fraction": 0.9375,
    "cache_hit_mean": 0.9090909090909091,
    "throughput_tok_s": 20.584155103448712
  },
  "alpaca:110": {
    "accepted_suffix_mean": 2.5384615384615383,
    "cache_committed_token_fraction": 0.9393939393939394,
    "cache_hit_mean": 0.9230769230769231,
    "throughput_tok_s": 48.19028517750263
  },
  "alpaca:135": {
    "accepted_suffix_mean": 3.6666666666666665,
    "cache_committed_token_fraction": 0.9696969696969697,
    "cache_hit_mean": 0.8888888888888888,
    "throughput_tok_s": 59.83669150814474
  },
  "alpaca:155": {
    "accepted_suffix_mean": 2.4,
    "cache_committed_token_fraction": 0.9166666666666666,
    "cache_hit_mean": 0.9333333333333333,
    "throughput_tok_s": 41.14014519229826
  },
  "alpaca:156": {
    "accepted_suffix_mean": 3.7,
    "cache_committed_token_fraction": 0.8918918918918919,
    "cache_hit_mean": 0.9,
    "throughput_tok_s": 65.40201136642152
  },
  "alpaca:166": {
    "accepted_suffix_mean": 2.357142857142857,
    "cache_committed_token_fraction": 0.9393939393939394,
    "cache_hit_mean": 0.9285714285714286,
    "throughput_tok_s": 44.462224496163486
  },
  "alpaca:172": {
    "accepted_suffix_mean": 2.3125,
    "cache_committed_token_fraction": 0.972972972972973,
    "cache_hit_mean": 0.9375,
    "throughput_tok_s": 44.66681263829788
  },
  "alpaca:182": {
    "accepted_suffix_mean": 2.5,
    "cache_committed_token_fraction": 0.9714285714285714,
    "cache_hit_mean": 0.9285714285714286,
    "throughput_tok_s": 53.11032618348511
  },
  "alpaca:184": {
    "accepted_suffix_mean": 2.6666666666666665,
    "cache_committed_token_fraction": 0.96875,
    "cache_hit_mean": 0.9166666666666666,
    "throughput_tok_s": 56.63896560939849
  },
  "alpaca:186": {
    "accepted_suffix_mean": 2.642857142857143,
    "cache_committed_token_fraction": 0.972972972972973,
    "cache_hit_mean": 0.9285714285714286,
    "throughput_tok_s": 55.84260912037791
  },
  "alpaca:19": {
    "accepted_suffix_mean": 2.909090909090909,
    "cache_committed_token_fraction": 0.90625,
    "cache_hit_mean": 0.9090909090909091,
    "throughput_tok_s": 54.56771313980718
  },
  "alpaca:191": {
    "accepted_suffix_mean": 2.909090909090909,
    "cache_committed_token_fraction": 0.90625,
    "cache_hit_mean": 0.9090909090909091,
    "throughput_tok_s": 62.0616481595186
  },
  "alpaca:199": {
    "accepted_suffix_mean": 2.2857142857142856,
    "cache_committed_token_fraction": 0.90625,
    "cache_hit_mean": 0.9285714285714286,
    "throughput_tok_s": 45.019978636337584
  },
  "alpaca:33": {
    "accepted_suffix_mean": 6.166666666666667,
    "cache_committed_token_fraction": 0.9459459459459459,
    "cache_hit_mean": 0.8333333333333334,
    "throughput_tok_s": 114.68033695461929
  },
  "alpaca:47": {
    "accepted_suffix_mean": 2.75,
    "cache_committed_token_fraction": 0.9696969696969697,
    "cache_hit_mean": 0.9166666666666666,
    "throughput_tok_s": 54.49239129693717
  },
  "alpaca:48": {
    "accepted_suffix_mean": 2.2857142857142856,
    "cache_committed_token_fraction": 0.96875,
    "cache_hit_mean": 0.9285714285714286,
    "throughput_tok_s": 45.884576206590175
  },
  "alpaca:5": {
    "accepted_suffix_mean": 3.5,
    "cache_committed_token_fraction": 0.9428571428571428,
    "cache_hit_mean": 0.9,
    "throughput_tok_s": 23.345999412659726
  },
  "alpaca:54": {
    "accepted_suffix_mean": 3.3636363636363638,
    "cache_committed_token_fraction": 0.972972972972973,
    "cache_hit_mean": 0.9090909090909091,
    "throughput_tok_s": 67.2631195232218
  },
  "alpaca:95": {
    "accepted_suffix_mean": 2.3333333333333335,
    "cache_committed_token_fraction": 0.9428571428571428,
    "cache_hit_mean": 0.9333333333333333,
    "throughput_tok_s": 46.7294624176437
  },
  "gsm:105": {
    "accepted_suffix_mean": 2.8333333333333335,
    "cache_committed_token_fraction": 0.9705882352941176,
    "cache_hit_mean": 0.9166666666666666,
    "throughput_tok_s": 59.64630956045606
  },
  "gsm:106": {
    "accepted_suffix_mean": 4,
    "cache_committed_token_fraction": 0.9444444444444444,
    "cache_hit_mean": 0.8888888888888888,
    "throughput_tok_s": 83.93935712786774
  },
  "gsm:119": {
    "accepted_suffix_mean": 3.6,
    "cache_committed_token_fraction": 0.9722222222222222,
    "cache_hit_mean": 0.9,
    "throughput_tok_s": 73.7881595559551
  },
  "gsm:122": {
    "accepted_suffix_mean": 4.25,
    "cache_committed_token_fraction": 0.9705882352941176,
    "cache_hit_mean": 0.875,
    "throughput_tok_s": 87.32397299843738
  },
  "gsm:138": {
    "accepted_suffix_mean": 4.125,
    "cache_committed_token_fraction": 0.9696969696969697,
    "cache_hit_mean": 0.875,
    "throughput_tok_s": 86.17704256080539
  },
  "gsm:142": {
    "accepted_suffix_mean": 3.1818181818181817,
    "cache_committed_token_fraction": 0.9714285714285714,
    "cache_hit_mean": 0.9090909090909091,
    "throughput_tok_s": 67.70243631512096
  },
  "gsm:149": {
    "accepted_suffix_mean": 2.5714285714285716,
    "cache_committed_token_fraction": 0.9444444444444444,
    "cache_hit_mean": 0.9285714285714286,
    "throughput_tok_s": 53.98440747499146
  },
  "gsm:157": {
    "accepted_suffix_mean": 4.375,
    "cache_committed_token_fraction": 0.8857142857142857,
    "cache_hit_mean": 0.875,
    "throughput_tok_s": 91.70202404796817
  },
  "gsm:158": {
    "accepted_suffix_mean": 3,
    "cache_committed_token_fraction": 0.9696969696969697,
    "cache_hit_mean": 0.9090909090909091,
    "throughput_tok_s": 60.233974092526
  },
  "gsm:178": {
    "accepted_suffix_mean": 3.4,
    "cache_committed_token_fraction": 0.9705882352941176,
    "cache_hit_mean": 0.9,
    "throughput_tok_s": 68.6536865059123
  },
  "gsm:187": {
    "accepted_suffix_mean": 3.7777777777777777,
    "cache_committed_token_fraction": 0.9411764705882353,
    "cache_hit_mean": 0.8888888888888888,
    "throughput_tok_s": 76.1558339125877
  },
  "gsm:196": {
    "accepted_suffix_mean": 3.7,
    "cache_committed_token_fraction": 0.972972972972973,
    "cache_hit_mean": 0.9,
    "throughput_tok_s": 74.29007747658815
  },
  "gsm:198": {
    "accepted_suffix_mean": 3.2,
    "cache_committed_token_fraction": 0.96875,
    "cache_hit_mean": 0.9,
    "throughput_tok_s": 61.16937162774929
  },
  "gsm:24": {
    "accepted_suffix_mean": 2.1333333333333333,
    "cache_committed_token_fraction": 0.96875,
    "cache_hit_mean": 0.9333333333333333,
    "throughput_tok_s": 39.21860451192119
  },
  "gsm:3": {
    "accepted_suffix_mean": 4,
    "cache_committed_token_fraction": 0.9722222222222222,
    "cache_hit_mean": 0.8888888888888888,
    "throughput_tok_s": 77.31672560621743
  },
  "gsm:33": {
    "accepted_suffix_mean": 3.888888888888889,
    "cache_committed_token_fraction": 0.9714285714285714,
    "cache_hit_mean": 0.8888888888888888,
    "throughput_tok_s": 70.96112642525168
  },
  "gsm:39": {
    "accepted_suffix_mean": 4.571428571428571,
    "cache_committed_token_fraction": 0.96875,
    "cache_hit_mean": 0.8571428571428571,
    "throughput_tok_s": 85.83121889205077
  },
  "gsm:43": {
    "accepted_suffix_mean": 2.5384615384615383,
    "cache_committed_token_fraction": 0.9696969696969697,
    "cache_hit_mean": 0.9230769230769231,
    "throughput_tok_s": 52.20156948536755
  },
  "gsm:45": {
    "accepted_suffix_mean": 3.2,
    "cache_committed_token_fraction": 0.96875,
    "cache_hit_mean": 0.9,
    "throughput_tok_s": 65.15254701754732
  },
  "gsm:46": {
    "accepted_suffix_mean": 4.444444444444445,
    "cache_committed_token_fraction": 0.975,
    "cache_hit_mean": 0.8888888888888888,
    "throughput_tok_s": 88.64236525355332
  },
  "gsm:65": {
    "accepted_suffix_mean": 3.090909090909091,
    "cache_committed_token_fraction": 0.9411764705882353,
    "cache_hit_mean": 0.9090909090909091,
    "throughput_tok_s": 60.58649916334399
  },
  "gsm:69": {
    "accepted_suffix_mean": 3.4,
    "cache_committed_token_fraction": 0.9411764705882353,