{
  "accepted_suffix_mean": 3.4506493506493507,
  "actual_frontier_rank_distribution": {
    "0": 770
  },
  "batch_size": 2,
  "cache_committed_token_fraction": 0.9363944298080542,
  "cache_hit_mean": 0.9,
  "ddtree_step_ms": 10.861228933736411,
  "frontier_candidate_count_mean": 2.0,
  "frontier_count": 2,
  "hit_cycle_latency_ms": 49.90612068730924,
  "hit_only_accepted_suffix_mean": 3.59018759018759,
  "mean_cycle_latency_ms": 53.25893036863924,
  "miss_cycle_latency_ms": 83.43421750060924,
  "miss_only_accepted_suffix_mean": 2.1948051948051948,
  "mode": "ddtree_ssd_exact_on_oracle",
  "num_prompts": 77,
  "prompt_group_summary": {
    "accepted_suffix_mean": {
      "mean": 4.138398009129483,
      "stderr": 0.24066418102297643
    },
    "cache_committed_token_fraction": {
      "mean": 0.9369291180704291,
      "stderr": 0.004973872618501258
    },
    "cache_hit_mean": {
      "mean": 0.8813830236481115,
      "stderr": 0.006429556927895025
    },
    "throughput_tok_s": {
      "mean": 79.0480864774071,
      "stderr": 4.461383111449753
    }
  },
  "target_verify_ms": 33.40554886878772,
  "throughput_tok_s": 115.29146733070995,
  "tree_budget": 16,
  "tree_build_ms": 5.861665742891633,
  "tree_compile_ms": 3.988289831621196,
  "tree_node_count_mean": 16.0,
  "verified_node_count_mean": null
}